"","C0","A0","A1","A2","A3","A4","A5","A6","A7","H0","H1","H2","H3","H4","H5","H6","H7","W0","W1","W2","W3","W4","W5","W6","W7","B0","B1","B2","B3","B4","B5","B6","B7","O0","O1","O2","O3","O4","O5","O6","O7","Y0","Y1","Y2","Y3","Y4","Y5","Y6","Y7","Z0","Z1","Z2","Z3","Z4","Z5","Z6","Z7"
"1","Anderson",0,1,1,1,1,1,1,"*",5,15,8,4,3,3,2,"*",9,13,7,4,3,2,2,"*",12,15,8,4,3,3,2,"*",11,16,8,4,4,3,2,"*",3,13,7,4,3,2,2,"*",0,1,1,1,1,1,1,"*"
"2","Andrews",0,1,1,1,1,1,1,"*",1,7,4,2,2,2,1,"*",1,5,3,2,1,1,1,"*",0,1,1,1,1,1,1,"*",1,6,3,2,2,1,1,"*",0,1,1,1,1,1,1,"*",0,1,1,1,1,1,1,"*"
"3","Angelina",0,1,1,1,1,1,1,"*",12,17,9,5,4,3,2,"*",27,17,9,5,4,3,2,"*",35,18,9,5,4,3,2,"*",14,16,9,5,4,3,2,"*",7,16,9,5,4,3,2,"*",2,15,8,4,3,3,2,"*"
"4","Aransas",0,1,1,1,1,1,1,"*",2,11,6,3,3,2,2,"*",7,12,6,3,3,2,2,"*",7,13,7,4,3,2,2,"*",4,12,6,3,3,2,2,"*",2,11,6,3,3,2,2,"*",1,12,6,3,3,2,2,"*"
"5","Archer",0,1,1,1,1,1,1,"*",0,1,1,1,1,1,1,"*",0,1,1,1,1,1,1,"*",1,6,3,2,2,1,1,"*",0,1,1,1,1,1,1,"*",0,1,1,1,1,1,1,"*",0,1,1,1,1,1,1,"*"
"6","Armstrong",0,1,1,1,1,1,1,"*",0,1,1,1,1,1,1,"*",0,1,1,1,1,1,1,"*",0,1,1,1,1,1,1,"*",0,1,1,1,1,1,1,"*",0,1,1,1,1,1,1,"*",0,1,1,1,1,1,1,"*"
"7","Atascosa",0,1,1,1,1,1,1,"*",7,15,8,4,4,3,2,"*",21,16,8,4,4,3,2,"*",30,17,9,5,4,3,2,"*",13,16,8,4,4,3,2,"*",3,13,7,4,3,2,2,"*",1,12,6,3,3,2,2,"*"
"8","Austin",0,1,1,1,1,1,1,"*",2,11,6,3,3,2,2,"*",11,14,7,4,3,3,2,"*",5,11,6,3,3,2,2,"*",3,11,6,3,3,2,2,"*",3,13,7,4,3,2,2,"*",1,12,6,3,3,2,2,"*"
"9","Bailey",0,1,1,1,1,1,1,"*",0,1,1,1,1,1,1,"*",1,5,3,2,1,1,1,"*",1,6,3,2,2,1,1,"*",1,7,4,2,2,1,1,"*",1,9,5,3,2,2,1,"*",0,1,1,1,1,1,1,"*"
"10","Bandera",0,1,1,1,1,1,1,"*",1,7,4,2,2,2,1,"*",5,11,6,3,3,2,2,"*",4,10,5,3,2,2,2,"*",4,12,6,3,3,2,2,"*",2,11,6,3,3,2,2,"*",0,1,1,1,1,1,1,"*"
"11","Bastrop",0,1,1,1,1,1,1,"*",16,18,9,5,4,3,2,"*",46,18,9,5,4,3,2,"*",28,17,9,5,4,3,2,"*",29,18,9,5,4,3,2,"*",19,18,9,5,4,3,2,"*",5,18,9,5,4,3,2,"*"
"12","Baylor",0,1,1,1,1,1,1,"*",0,1,1,1,1,1,1,"*",1,5,3,2,1,1,1,"*",0,1,1,1,1,1,1,"*",0,1,1,1,1,1,1,"*",0,1,1,1,1,1,1,"*",0,1,1,1,1,1,1,"*"
"13","Bee",1,17,9,5,4,3,2,"*",3,13,7,4,3,2,2,"*",15,15,8,4,3,3,2,"*",14,15,8,4,3,3,2,"*",5,13,7,4,3,2,2,"*",4,15,8,4,3,3,2,"*",2,15,8,4,3,3,2,"*"
"14","Bell",3,20,10,5,4,3,2,"*",73,20,10,5,4,3,2,"*",280,20,10,5,4,3,2,"*",274,20,10,5,4,3,2,"*",165,20,10,5,4,3,2,"*",78,20,10,5,4,3,2,"*",20,19,10,5,4,3,2,"*"
"15","Bexar",13,20,10,5,4,3,2,"*",434,20,10,5,4,3,2,"*",1633,20,10,5,4,3,2,"*",1493,20,10,5,4,3,2,"*",943,20,10,5,4,3,2,"*",483,20,10,5,4,3,2,"*",181,20,10,5,4,3,2,"*"
"16","Blanco",0,1,1,1,1,1,1,"*",0,1,1,1,1,1,1,"*",5,11,6,3,3,2,2,"*",5,11,6,3,3,2,2,"*",4,12,6,3,3,2,2,"*",3,13,7,4,3,2,2,"*",0,1,1,1,1,1,1,"*"
"17","Borden",0,2,1,1,1,1,1,"*",0,1,1,1,1,1,1,"*",0,1,1,1,1,1,1,"*",0,1,1,1,1,1,1,"*",0,1,1,1,1,1,1,"*",0,1,1,1,1,1,1,"*",0,1,1,1,1,1,1,"*"
"18","Bosque",1,17,9,5,4,3,2,"*",1,7,4,2,2,2,1,"*",1,5,3,2,1,1,1,"*",0,1,1,1,1,1,1,"*",4,12,6,4,3,2,2,"*",0,1,1,1,1,1,1,"*",0,1,1,1,1,1,1,"*"
"19","Bowie",3,20,10,5,4,3,2,"*",7,16,8,4,4,3,2,"*",26,16,9,5,4,3,2,"*",33,18,9,5,4,3,2,"*",21,17,9,5,4,3,2,"*",7,17,9,5,4,3,2,"*",2,15,8,4,3,3,2,"*"
"20","Brazoria",1,17,9,5,4,3,2,"*",58,19,10,5,4,3,2,"*",162,19,10,5,4,3,2,"*",174,19,10,5,4,3,2,"*",127,19,10,5,4,3,2,"*",73,19,10,5,4,3,2,"*",25,20,10,5,4,3,2,"*"
"21","Brazos",1,17,9,5,4,3,2,"*",26,19,10,5,4,3,2,"*",161,19,10,5,4,3,2,"*",81,19,10,5,4,3,2,"*",29,18,9,5,4,3,2,"*",28,19,10,5,4,3,2,"*",4,18,9,5,4,3,2,"*"
"22","Brewster",0,2,1,1,1,1,1,"*",0,1,1,1,1,1,1,"*",2,8,4,2,2,2,1,"*",1,6,3,2,2,1,1,"*",0,1,1,1,1,1,1,"*",1,9,5,3,2,2,1,"*",0,1,1,1,1,1,1,"*"
"23","Briscoe",0,2,1,1,1,1,1,"*",1,8,4,2,2,2,1,"*",0,1,1,1,1,1,1,"*",0,1,1,1,1,1,1,"*",0,1,1,1,1,1,1,"*",0,1,1,1,1,1,1,"*",0,1,1,1,1,1,1,"*"
"24","Brooks",0,2,1,1,1,1,1,"*",0,1,1,1,1,1,1,"*",2,8,4,2,2,2,1,"*",3,9,5,3,2,2,1,"*",0,1,1,1,1,1,1,"*",0,1,1,1,1,1,1,"*",0,1,1,1,1,1,1,"*"
"25","Brown",0,2,1,1,1,1,1,"*",2,11,6,3,3,2,2,"*",7,12,6,4,3,2,2,"*",4,10,5,3,3,2,2,"*",3,11,6,3,3,2,2,"*",1,9,5,3,2,2,1,"*",0,2,1,1,1,1,1,"*"
"26","Burleson",1,17,9,5,4,3,2,"*",0,1,1,1,1,1,1,"*",6,12,6,3,3,2,2,"*",7,13,7,4,3,2,2,"*",1,7,4,2,2,1,1,"*",0,1,1,1,1,1,1,"*",2,15,8,4,3,3,2,"*"
"27","Burnet",0,2,1,1,1,1,1,"*",5,15,8,4,3,3,2,"*",14,15,8,4,3,3,2,"*",20,16,8,4,4,3,2,"*",10,15,8,4,4,3,2,"*",5,15,8,4,4,3,2,"*",3,17,9,5,4,3,2,"*"
"28","Caldwell",0,2,1,1,1,1,1,"*",13,18,9,5,4,3,2,"*",28,17,9,5,4,3,2,"*",15,15,8,4,3,3,2,"*",14,16,9,5,4,3,2,"*",10,17,9,5,4,3,2,"*",5,18,9,5,4,3,2,"*"
"29","Calhoun",0,2,1,1,1,1,1,"*",2,11,6,3,3,2,2,"*",5,11,6,3,3,2,2,"*",2,8,4,2,2,2,1,"*",1,7,4,2,2,1,1,"*",2,11,6,3,3,2,2,"*",2,15,8,4,4,3,2,"*"
"30","Callahan",0,2,1,1,1,1,1,"*",0,1,1,1,1,1,1,"*",1,5,3,2,1,1,1,"*",1,6,3,2,2,1,1,"*",1,7,4,2,2,1,1,"*",0,1,1,1,1,1,1,"*",1,12,6,3,3,2,2,"*"
"31","Cameron",0,2,1,1,1,1,1,"*",57,19,10,5,4,3,2,"*",152,19,10,5,4,3,2,"*",104,19,10,5,4,3,2,"*",60,19,10,5,4,3,2,"*",34,19,10,5,4,3,2,"*",10,19,10,5,4,3,2,"*"
"32","Camp",0,2,1,1,1,1,1,"*",0,1,1,1,1,1,1,"*",7,12,7,4,3,2,2,"*",10,14,7,4,3,3,2,"*",0,1,1,1,1,1,1,"*",2,11,6,3,3,2,2,"*",0,2,1,1,1,1,1,"*"
"33","Carson",0,2,1,1,1,1,1,"*",1,8,4,2,2,2,1,"*",0,1,1,1,1,1,1,"*",0,1,1,1,1,1,1,"*",0,1,1,1,1,1,1,"*",0,1,1,1,1,1,1,"*",0,2,1,1,1,1,1,"*"
"34","Cass",0,2,1,1,1,1,1,"*",5,15,8,4,3,3,2,"*",6,12,6,3,3,2,2,"*",4,10,6,3,3,2,2,"*",1,7,4,2,2,1,1,"*",0,1,1,1,1,1,1,"*",1,12,6,3,3,2,2,"*"
"35","Castro",0,3,2,1,1,1,1,"*",0,1,1,1,1,1,1,"*",0,1,1,1,1,1,1,"*",0,1,1,1,1,1,1,"*",0,1,1,1,1,1,1,"*",0,1,1,1,1,1,1,"*",0,2,1,1,1,1,1,"*"
"36","Chambers",0,3,2,1,1,1,1,"*",6,15,8,4,3,3,2,"*",19,16,8,4,4,3,2,"*",18,16,8,4,4,3,2,"*",7,14,8,4,3,3,2,"*",4,15,8,4,3,3,2,"*",3,17,9,5,4,3,2,"*"
"37","Cherokee",1,17,9,5,4,3,2,"*",2,11,6,3,3,2,2,"*",18,15,8,4,4,3,2,"*",11,14,7,4,3,3,2,"*",5,13,7,4,3,2,2,"*",3,13,7,4,3,2,2,"*",0,2,1,1,1,1,1,"*"
"38","Childress",0,3,2,1,1,1,1,"*",0,1,1,1,1,1,1,"*",1,5,3,2,1,1,1,"*",0,1,1,1,1,1,1,"*",0,1,1,1,1,1,1,"*",0,2,1,1,1,1,1,"*",0,2,1,1,1,1,1,"*"
"39","Clay",0,3,2,1,1,1,1,"*",0,2,1,1,1,1,1,"*",2,8,4,2,2,2,1,"*",0,1,1,1,1,1,1,"*",0,1,1,1,1,1,1,"*",0,2,1,1,1,1,1,"*",0,2,1,1,1,1,1,"*"
"40","Cochran",0,3,2,1,1,1,1,"*",0,2,1,1,1,1,1,"*",0,1,1,1,1,1,1,"*",1,6,3,2,2,1,1,"*",0,1,1,1,1,1,1,"*",0,2,1,1,1,1,1,"*",0,2,1,1,1,1,1,"*"
"41","Coke",0,3,2,1,1,1,1,"*",0,2,1,1,1,1,1,"*",0,1,1,1,1,1,1,"*",0,1,1,1,1,1,1,"*",0,2,1,1,1,1,1,"*",0,2,1,1,1,1,1,"*",0,2,1,1,1,1,1,"*"
"42","Coleman",0,3,2,1,1,1,1,"*",0,2,1,1,1,1,1,"*",1,5,3,2,1,1,1,"*",0,1,1,1,1,1,1,"*",2,9,5,3,2,2,1,"*",0,2,1,1,1,1,1,"*",0,2,1,1,1,1,1,"*"
"43","Collin",2,19,10,5,4,3,2,"*",82,20,10,5,4,3,2,"*",333,20,10,5,4,3,2,"*",392,20,10,5,4,3,2,"*",332,20,10,5,4,3,2,"*",219,20,10,5,4,3,2,"*",87,20,10,5,4,3,2,"*"
"44","Collingsworth",0,3,2,1,1,1,1,"*",0,2,1,1,1,1,1,"*",0,1,1,1,1,1,1,"*",0,1,1,1,1,1,1,"*",0,2,1,1,1,1,1,"*",0,2,1,1,1,1,1,"*",0,2,1,1,1,1,1,"*"
"45","Colorado",0,3,2,1,1,1,1,"*",3,13,7,4,3,2,2,"*",7,12,7,4,3,2,2,"*",5,11,6,3,3,2,2,"*",5,13,7,4,3,2,2,"*",0,2,1,1,1,1,1,"*",0,2,1,1,1,1,1,"*"
"46","Comal",0,3,2,1,1,1,1,"*",27,19,10,5,4,3,2,"*",60,18,9,5,4,3,2,"*",65,19,10,5,4,3,2,"*",44,19,10,5,4,3,2,"*",25,19,10,5,4,3,2,"*",7,18,9,5,4,3,2,"*"
"47","Comanche",0,3,2,1,1,1,1,"*",0,2,1,1,1,1,1,"*",1,5,3,2,1,1,1,"*",2,8,4,2,2,2,1,"*",0,2,1,1,1,1,1,"*",0,2,1,1,1,1,1,"*",1,12,6,3,3,2,2,"*"
"48","Concho",0,3,2,1,1,1,1,"*",0,2,1,1,1,1,1,"*",2,8,4,2,2,2,1,"*",2,8,4,2,2,2,1,"*",0,2,1,1,1,1,1,"*",0,2,1,1,1,1,1,"*",0,2,1,1,1,1,1,"*"
"49","Cooke",0,3,2,1,1,1,1,"*",3,13,7,4,3,2,2,"*",8,13,7,4,3,2,2,"*",9,14,7,4,3,3,2,"*",1,7,4,2,2,1,1,"*",5,16,8,4,4,3,2,"*",0,3,2,1,1,1,1,"*"
"50","Coryell",0,4,2,1,1,1,1,"*",3,13,7,4,3,2,2,"*",37,17,9,5,4,3,2,"*",32,17,9,5,4,3,2,"*",22,18,9,5,4,3,2,"*",11,17,9,5,4,3,2,"*",1,12,6,3,3,2,2,"*"
"51","Cottle",0,4,2,1,1,1,1,"*",0,2,1,1,1,1,1,"*",1,5,3,2,1,1,1,"*",0,2,1,1,1,1,1,"*",0,2,1,1,1,1,1,"*",0,2,1,1,1,1,1,"*",0,3,2,1,1,1,1,"*"
"52","Crane",0,4,2,1,1,1,1,"*",1,8,4,2,2,2,1,"*",2,8,4,2,2,2,1,"*",2,8,4,2,2,2,1,"*",1,7,4,2,2,1,1,"*",0,2,1,1,1,1,1,"*",0,3,2,1,1,1,1,"*"
"53","Crockett",0,4,2,1,1,1,1,"*",2,11,6,3,3,2,2,"*",1,5,3,2,1,1,1,"*",0,2,1,1,1,1,1,"*",0,2,1,1,1,1,1,"*",0,2,1,1,1,1,1,"*",1,12,6,3,3,2,2,"*"
"54","Crosby",0,4,2,1,1,1,1,"*",1,8,4,2,2,2,1,"*",0,1,1,1,1,1,1,"*",2,8,4,2,2,2,1,"*",0,2,1,1,1,1,1,"*",1,9,5,3,2,2,1,"*",1,12,6,3,3,2,2,"*"
"55","Culberson",0,4,2,1,1,1,1,"*",0,2,1,1,1,1,1,"*",0,1,1,1,1,1,1,"*",0,2,1,1,1,1,1,"*",0,2,1,1,1,1,1,"*",0,2,1,1,1,1,1,"*",0,3,2,1,1,1,1,"*"
"56","Dallam",0,4,2,1,1,1,1,"*",0,2,1,1,1,1,1,"*",0,1,1,1,1,1,1,"*",0,2,1,1,1,1,1,"*",0,2,1,1,1,1,1,"*",0,3,2,1,1,1,1,"*",0,3,2,1,1,1,1,"*"
"57","Dallas",11,20,10,5,4,3,2,"*",508,20,10,5,4,3,2,"*",2004,20,10,5,4,3,2,"*",2110,20,10,5,4,3,2,"*",1332,20,10,5,4,3,2,"*",694,20,10,5,4,3,2,"*",208,20,10,5,4,3,2,"*"
"58","Dawson",0,4,2,1,1,1,1,"*",2,11,6,3,3,2,2,"*",1,5,3,2,2,1,1,"*",0,2,1,1,1,1,1,"*",0,2,1,1,1,1,1,"*",0,3,2,1,1,1,1,"*",0,3,2,1,1,1,1,"*"
"59","DeWitt",0,4,2,1,1,1,1,"*",3,13,7,4,3,2,2,"*",3,9,5,3,2,2,1,"*",7,13,7,4,3,2,2,"*",1,7,4,2,2,2,1,"*",0,3,2,1,1,1,1,"*",0,3,2,1,1,1,1,"*"
"60","Deaf Smith",0,4,2,1,1,1,1,"*",0,2,1,1,1,1,1,"*",1,6,3,2,2,1,1,"*",0,2,1,1,1,1,1,"*",1,7,4,2,2,2,1,"*",0,3,2,1,1,1,1,"*",0,3,2,1,1,1,1,"*"
"61","Delta",0,4,2,1,1,1,1,"*",0,2,1,1,1,1,1,"*",0,1,1,1,1,1,1,"*",1,6,3,2,2,1,1,"*",0,2,1,1,1,1,1,"*",0,3,2,1,1,1,1,"*",0,3,2,1,1,1,1,"*"
"62","Denton",2,19,10,5,4,3,2,"*",75,20,10,5,4,3,2,"*",377,20,10,5,4,3,2,"*",307,20,10,5,4,3,2,"*",251,20,10,5,4,3,2,"*",181,20,10,5,4,3,2,"*",60,20,10,5,4,3,2,"*"
"63","Dickens",0,4,2,1,1,1,1,"*",0,2,1,1,1,1,1,"*",0,2,1,1,1,1,1,"*",0,2,1,1,1,1,1,"*",0,2,1,1,1,1,1,"*",0,3,2,1,1,1,1,"*",0,3,2,1,1,1,1,"*"
"64","Dimmit",0,4,2,2,1,1,1,"*",2,11,6,3,3,2,2,"*",3,10,5,3,2,2,1,"*",3,9,5,3,2,2,1,"*",2,9,5,3,2,2,1,"*",0,3,2,1,1,1,1,"*",0,3,2,1,1,1,1,"*"
"65","Donley",0,5,3,2,1,1,1,"*",0,3,2,1,1,1,1,"*",0,2,1,1,1,1,1,"*",1,6,3,2,2,1,1,"*",0,2,1,1,1,1,1,"*",0,3,2,1,1,1,1,"*",0,3,2,1,1,1,1,"*"
"66","Duval",0,5,3,2,1,1,1,"*",1,8,4,2,2,2,1,"*",2,8,4,2,2,2,1,"*",4,11,6,3,3,2,2,"*",4,12,7,4,3,2,2,"*",0,3,2,1,1,1,1,"*",0,3,2,1,1,1,1,"*"
"67","Eastland",0,5,3,2,1,1,1,"*",0,3,2,1,1,1,1,"*",7,13,7,4,3,2,2,"*",1,6,3,2,2,1,1,"*",2,10,5,3,2,2,1,"*",3,13,7,4,3,2,2,"*",0,4,2,1,1,1,1,"*"
"68","Ector",0,5,3,2,1,1,1,"*",12,17,9,5,4,3,2,"*",40,18,9,5,4,3,2,"*",49,18,9,5,4,3,2,"*",21,18,9,5,4,3,2,"*",12,18,9,5,4,3,2,"*",5,18,9,5,4,3,2,"*"
"69","Edwards",0,5,3,2,1,1,1,"*",0,3,2,1,1,1,1,"*",0,2,1,1,1,1,1,"*",0,2,1,1,1,1,1,"*",0,3,2,1,1,1,1,"*",0,3,2,1,1,1,1,"*",0,4,2,1,1,1,1,"*"
"70","El Paso",0,5,3,2,1,1,1,"*",8,16,8,4,4,3,2,"*",9,13,7,4,3,2,2,"*",5,11,6,3,3,2,2,"*",2,10,5,3,2,2,1,"*",2,11,6,3,3,2,2,"*",1,12,6,3,3,2,2,"*"
"71","Ellis",1,17,9,5,4,3,2,"*",32,19,10,5,4,3,2,"*",84,19,10,5,4,3,2,"*",78,19,10,5,4,3,2,"*",61,19,10,5,4,3,2,"*",23,18,10,5,4,3,2,"*",8,19,10,5,4,3,2,"*"
"72","Erath",0,5,3,2,1,1,1,"*",3,13,7,4,3,2,2,"*",35,17,9,5,4,3,2,"*",8,13,7,4,3,2,2,"*",4,12,7,4,3,2,2,"*",3,13,7,4,3,2,2,"*",1,12,6,4,3,2,2,"*"
"73","Falls",2,19,10,5,4,3,2,"*",2,11,6,3,3,2,2,"*",4,11,6,3,3,2,2,"*",4,11,6,3,3,2,2,"*",3,11,6,3,3,2,2,"*",2,12,6,3,3,2,2,"*",0,4,2,1,1,1,1,"*"
"74","Fannin",0,5,3,2,1,1,1,"*",3,13,7,4,3,2,2,"*",3,10,5,3,2,2,1,"*",11,14,8,4,3,3,2,"*",5,13,7,4,3,2,2,"*",1,9,5,3,2,2,1,"*",2,15,8,4,4,3,2,"*"
"75","Fayette",0,5,3,2,1,1,1,"*",8,16,8,4,4,3,2,"*",9,13,7,4,3,2,2,"*",3,9,5,3,2,2,1,"*",3,11,6,3,3,2,2,"*",1,9,5,3,2,2,1,"*",0,4,2,1,1,1,1,"*"
"76","Fisher",0,5,3,2,1,1,1,"*",0,3,2,1,1,1,1,"*",0,2,1,1,1,1,1,"*",2,8,4,2,2,2,1,"*",0,3,2,1,1,1,1,"*",0,3,2,1,1,1,1,"*",0,4,2,1,1,1,1,"*"
"77","Floyd",0,5,3,2,1,1,1,"*",0,3,2,1,1,1,1,"*",0,2,1,1,1,1,1,"*",1,7,4,2,2,1,1,"*",2,10,5,3,2,2,1,"*",0,3,2,1,1,1,1,"*",0,4,2,1,1,1,1,"*"
"78","Foard",0,5,3,2,1,1,1,"*",0,3,2,1,1,1,1,"*",0,2,1,1,1,1,1,"*",0,2,1,1,1,1,1,"*",0,3,2,1,1,1,1,"*",0,3,2,1,1,1,1,"*",0,4,2,1,1,1,1,"*"
"79","Fort Bend",1,17,9,5,4,3,2,"*",81,20,10,5,4,3,2,"*",329,20,10,5,4,3,2,"*",320,20,10,5,4,3,2,"*",320,20,10,5,4,3,2,"*",224,20,10,5,4,3,2,"*",84,20,10,5,4,3,2,"*"
"80","Franklin",0,5,3,2,2,1,1,"*",1,8,4,2,2,2,1,"*",0,2,1,1,1,1,1,"*",1,7,4,2,2,1,1,"*",1,7,4,2,2,2,1,"*",0,4,2,1,1,1,1,"*",1,12,7,4,3,2,2,"*"
"81","Freestone",0,6,3,2,2,1,1,"*",2,11,6,3,3,2,2,"*",1,6,3,2,2,1,1,"*",6,12,7,4,3,2,2,"*",3,11,6,3,3,2,2,"*",2,12,6,3,3,2,2,"*",0,4,2,1,1,1,1,"*"
"82","Frio",0,6,3,2,2,1,1,"*",3,13,7,4,3,2,2,"*",15,15,8,4,4,3,2,"*",6,13,7,4,3,2,2,"*",3,11,6,3,3,2,2,"*",1,9,5,3,2,2,1,"*",0,4,2,1,1,1,1,"*"
"83","Gaines",0,6,3,2,2,1,1,"*",1,8,4,2,2,2,1,"*",0,2,1,1,1,1,1,"*",0,2,1,1,1,1,1,"*",0,3,2,1,1,1,1,"*",0,4,2,1,1,1,1,"*",0,4,2,1,1,1,1,"*"
"84","Galveston",0,6,3,2,2,1,1,"*",42,19,10,5,4,3,2,"*",151,19,10,5,4,3,2,"*",162,19,10,5,4,3,2,"*",117,19,10,5,4,3,2,"*",73,19,10,5,4,3,2,"*",18,19,10,5,4,3,2,"*"
"85","Garza",0,6,3,2,2,1,1,"*",0,3,2,1,1,1,1,"*",0,2,1,1,1,1,1,"*",0,2,1,1,1,1,1,"*",0,3,2,1,1,1,1,"*",0,4,2,1,1,1,1,"*",0,4,2,1,1,1,1,"*"
"86","Gillespie",0,6,3,2,2,1,1,"*",2,11,6,3,3,2,2,"*",3,10,5,3,2,2,1,"*",4,11,6,3,3,2,2,"*",4,13,7,4,3,2,2,"*",2,12,6,3,3,2,2,"*",0,4,2,1,1,1,1,"*"
"87","Glasscock",0,6,3,2,2,1,1,"*",0,3,2,1,1,1,1,"*",0,2,1,1,1,1,1,"*",0,2,1,1,1,1,1,"*",0,3,2,1,1,1,1,"*",0,4,2,1,1,1,1,"*",0,4,2,2,1,1,1,"*"
"88","Goliad",0,6,3,2,2,1,1,"*",0,3,2,1,1,1,1,"*",2,8,4,3,2,2,1,"*",1,7,4,2,2,1,1,"*",1,7,4,2,2,2,1,"*",0,4,2,1,1,1,1,"*",0,5,3,2,1,1,1,"*"
"89","Gonzales",0,6,3,2,2,1,1,"*",1,8,4,2,2,2,1,"*",5,11,6,3,3,2,2,"*",5,12,6,3,3,2,2,"*",4,13,7,4,3,2,2,"*",1,9,5,3,2,2,1,"*",1,12,7,4,3,2,2,"*"
"90","Gray",0,6,3,2,2,1,1,"*",1,8,4,2,2,2,1,"*",1,6,3,2,2,1,1,"*",0,2,1,1,1,1,1,"*",0,3,2,1,1,1,1,"*",0,4,2,1,1,1,1,"*",0,5,3,2,1,1,1,"*"
"91","Grayson",1,18,9,5,4,3,2,"*",17,18,9,5,4,3,2,"*",31,17,9,5,4,3,2,"*",31,17,9,5,4,3,2,"*",27,18,9,5,4,3,2,"*",16,18,9,5,4,3,2,"*",3,17,9,5,4,3,2,"*"
"92","Gregg",1,18,9,5,4,3,2,"*",12,17,9,5,4,3,2,"*",68,18,9,5,4,3,2,"*",49,18,9,5,4,3,2,"*",27,18,9,5,4,3,2,"*",15,18,9,5,4,3,2,"*",1,13,7,4,3,2,2,"*"
"93","Grimes",0,6,3,2,2,1,1,"*",3,13,7,4,3,2,2,"*",12,14,8,4,3,3,2,"*",10,14,7,4,3,3,2,"*",8,15,8,4,3,3,2,"*",3,14,7,4,3,2,2,"*",2,15,8,4,4,3,2,"*"
"94","Guadalupe",0,6,3,2,2,1,1,"*",18,18,9,5,4,3,2,"*",52,18,9,5,4,3,2,"*",52,18,9,5,4,3,2,"*",41,19,10,5,4,3,2,"*",32,19,10,5,4,3,2,"*",13,19,10,5,4,3,2,"*"
"95","Hale",0,6,3,2,2,1,1,"*",1,8,4,2,2,2,1,"*",5,12,6,3,3,2,2,"*",11,14,8,4,3,3,2,"*",3,11,6,3,3,2,2,"*",0,4,2,1,1,1,1,"*",1,13,7,4,3,2,2,"*"
"96","Hall",0,7,4,2,2,1,1,"*",1,8,4,2,2,2,1,"*",0,2,1,1,1,1,1,"*",0,3,2,1,1,1,1,"*",0,3,2,1,1,1,1,"*",0,4,2,1,1,1,1,"*",0,5,3,2,1,1,1,"*"
"97","Hamilton",0,7,4,2,2,1,1,"*",1,8,4,3,2,2,1,"*",0,2,1,1,1,1,1,"*",1,7,4,2,2,1,1,"*",1,7,4,2,2,2,1,"*",0,4,2,1,1,1,1,"*",1,13,7,4,3,2,2,"*"
"98","Hansford",0,7,4,2,2,1,1,"*",0,3,2,1,1,1,1,"*",0,2,1,1,1,1,1,"*",0,3,2,1,1,1,1,"*",0,3,2,1,1,1,1,"*",0,4,2,1,1,1,1,"*",0,5,3,2,1,1,1,"*"
"99","Hardeman",0,7,4,2,2,1,1,"*",0,3,2,1,1,1,1,"*",1,6,3,2,2,1,1,"*",2,8,4,3,2,2,1,"*",2,10,5,3,2,2,1,"*",0,4,2,1,1,1,1,"*",0,5,3,2,1,1,1,"*"
"100","Hardin",0,7,4,2,2,1,1,"*",2,11,6,3,3,2,2,"*",11,14,7,4,3,3,2,"*",16,16,8,4,4,3,2,"*",8,15,8,4,3,3,2,"*",7,17,9,5,4,3,2,"*",1,13,7,4,3,2,2,"*"
"101","Harris",21,20,10,5,4,3,2,"*",1065,20,10,5,4,3,2,"*",4099,20,10,5,4,3,2,"*",4222,20,10,5,4,3,2,"*",2789,20,10,5,4,3,2,"*",1450,20,10,5,4,3,2,"*",476,20,10,5,4,3,2,"*"
"102","Harrison",0,7,4,2,2,1,1,"*",8,16,9,5,4,3,2,"*",22,16,8,4,4,3,2,"*",25,17,9,5,4,3,2,"*",10,16,8,4,4,3,2,"*",6,16,8,4,4,3,2,"*",0,5,3,2,1,1,1,"*"
"103","Hartley",0,7,4,2,2,1,1,"*",0,3,2,1,1,1,1,"*",1,6,3,2,2,1,1,"*",0,3,2,1,1,1,1,"*",0,3,2,1,1,1,1,"*",0,4,2,1,1,1,1,"*",0,5,3,2,1,1,1,"*"
"104","Haskell",0,7,4,2,2,2,1,"*",0,3,2,1,1,1,1,"*",1,6,3,2,2,1,1,"*",0,3,2,1,1,1,1,"*",0,3,2,1,1,1,1,"*",0,4,2,2,1,1,1,"*",0,5,3,2,1,1,1,"*"
"105","Hays",1,18,9,5,4,3,2,"*",66,20,10,5,4,3,2,"*",248,20,10,5,4,3,2,"*",115,19,10,5,4,3,2,"*",86,19,10,5,4,3,2,"*",41,19,10,5,4,3,2,"*",9,19,10,5,4,3,2,"*"
"106","Hemphill",0,7,4,2,2,2,1,"*",0,4,2,1,1,1,1,"*",0,3,2,1,1,1,1,"*",0,3,2,1,1,1,1,"*",0,3,2,1,1,1,1,"*",0,5,3,2,1,1,1,"*",0,5,3,2,1,1,1,"*"
"107","Henderson",0,7,4,2,2,2,1,"*",1,8,4,3,2,2,1,"*",20,16,8,4,4,3,2,"*",12,15,8,4,3,3,2,"*",20,17,9,5,4,3,2,"*",5,16,8,4,4,3,2,"*",3,17,9,5,4,3,2,"*"
"108","Hidalgo",2,19,10,5,4,3,2,"*",112,20,10,5,4,3,2,"*",350,20,10,5,4,3,2,"*",266,20,10,5,4,3,2,"*",203,20,10,5,4,3,2,"*",95,20,10,5,4,3,2,"*",22,20,10,5,4,3,2,"*"
"109","Hill",0,7,4,2,2,2,1,"*",5,15,8,4,3,3,2,"*",14,15,8,4,3,3,2,"*",8,13,7,4,3,2,2,"*",5,13,7,4,3,2,2,"*",2,12,6,3,3,2,2,"*",1,13,7,4,3,2,2,"*"
"110","Hockley",0,7,4,2,2,2,1,"*",2,12,6,3,3,2,2,"*",4,11,6,3,3,2,2,"*",1,7,4,2,2,1,1,"*",2,10,5,3,2,2,1,"*",1,9,5,3,2,2,1,"*",0,5,3,2,1,1,1,"*"
"111","Hood",0,7,4,2,2,2,1,"*",1,9,5,3,2,2,1,"*",8,13,7,4,3,2,2,"*",7,13,7,4,3,2,2,"*",6,14,7,4,3,3,2,"*",4,15,8,4,3,3,2,"*",1,13,7,4,3,2,2,"*"
"112","Hopkins",1,18,9,5,4,3,2,"*",2,12,6,3,3,2,2,"*",7,13,7,4,3,2,2,"*",6,13,7,4,3,2,2,"*",2,10,5,3,2,2,1,"*",3,14,7,4,3,3,2,"*",0,5,3,2,1,1,1,"*"
"113","Houston",0,8,4,2,2,2,1,"*",1,9,5,3,2,2,1,"*",3,10,5,3,2,2,1,"*",7,13,7,4,3,2,2,"*",2,10,5,3,2,2,1,"*",1,9,5,3,2,2,1,"*",0,5,3,2,1,1,1,"*"
"114","Howard",0,8,4,2,2,2,1,"*",1,9,5,3,2,2,1,"*",2,8,4,3,2,2,1,"*",9,14,7,4,3,3,2,"*",3,11,6,3,3,2,2,"*",5,16,8,4,4,3,2,"*",1,13,7,4,3,2,2,"*"
"115","Hudspeth",0,8,4,2,2,2,1,"*",0,4,2,1,1,1,1,"*",0,3,2,1,1,1,1,"*",0,3,2,1,1,1,1,"*",0,3,2,1,1,1,1,"*",0,5,3,2,1,1,1,"*",0,5,3,2,2,1,1,"*"
"116","Hunt",1,18,9,5,4,3,2,"*",12,17,9,5,4,3,2,"*",34,17,9,5,4,3,2,"*",25,17,9,5,4,3,2,"*",18,17,9,5,4,3,2,"*",5,16,8,4,4,3,2,"*",2,16,8,4,4,3,2,"*"
"117","Hutchinson",0,8,4,2,2,2,1,"*",0,4,2,1,1,1,1,"*",1,6,3,2,2,1,1,"*",1,7,4,2,2,1,1,"*",0,4,2,1,1,1,1,"*",0,5,3,2,1,1,1,"*",1,13,7,4,3,2,2,"*"
"118","Irion",0,8,4,2,2,2,1,"*",0,4,2,1,1,1,1,"*",1,6,3,2,2,1,1,"*",0,3,2,1,1,1,1,"*",2,10,5,3,2,2,1,"*",0,5,3,2,1,1,1,"*",0,6,3,2,2,1,1,"*"
"119","Jack",0,8,4,2,2,2,1,"*",1,9,5,3,2,2,1,"*",1,6,3,2,2,1,1,"*",0,3,2,1,1,1,1,"*",0,4,2,1,1,1,1,"*",0,5,3,2,1,1,1,"*",1,13,7,4,3,2,2,"*"
"120","Jackson",0,8,4,2,2,2,1,"*",3,13,7,4,3,2,2,"*",3,10,5,3,2,2,1,"*",5,12,6,3,3,2,2,"*",3,11,6,3,3,2,2,"*",0,5,3,2,1,1,1,"*",0,6,3,2,2,1,1,"*"
"121","Jasper",0,8,4,2,2,2,1,"*",3,13,7,4,3,2,2,"*",10,14,7,4,3,3,2,"*",12,15,8,4,3,3,2,"*",5,13,7,4,3,2,2,"*",2,12,6,3,3,2,2,"*",0,6,3,2,2,1,1,"*"
"122","Jeff Davis",0,8,4,2,2,2,1,"*",0,4,2,1,1,1,1,"*",0,3,2,1,1,1,1,"*",0,3,2,1,1,1,1,"*",0,4,2,1,1,1,1,"*",0,5,3,2,1,1,1,"*",0,6,3,2,2,1,1,"*"
"123","Jefferson",1,18,9,5,4,3,2,"*",45,19,10,5,4,3,2,"*",149,19,10,5,4,3,2,"*",149,19,10,5,4,3,2,"*",103,19,10,5,4,3,2,"*",35,19,10,5,4,3,2,"*",10,19,10,5,4,3,2,"*"
"124","Jim Hogg",0,8,4,2,2,2,1,"*",0,4,2,1,1,1,1,"*",5,12,6,3,3,2,2,"*",0,3,2,1,1,1,1,"*",1,7,4,2,2,2,1,"*",0,5,3,2,1,1,1,"*",1,13,7,4,3,2,2,"*"
"125","Jim Wells",2,20,10,5,4,3,2,"*",2,12,6,3,3,2,2,"*",11,14,7,4,3,3,2,"*",8,14,7,4,3,2,2,"*",13,16,8,4,4,3,2,"*",3,14,7,4,3,3,2,"*",1,13,7,4,3,2,2,"*"
"126","Johnson",2,20,10,5,4,3,2,"*",15,18,9,5,4,3,2,"*",61,18,9,5,4,3,2,"*",33,18,9,5,4,3,2,"*",39,18,9,5,4,3,2,"*",15,18,9,5,4,3,2,"*",4,18,9,5,4,3,2,"*"
"127","Jones",0,8,4,2,2,2,1,"*",2,12,6,3,3,2,2,"*",1,6,3,2,2,1,1,"*",3,9,5,3,2,2,1,"*",1,8,4,2,2,2,1,"*",2,12,6,3,3,2,2,"*",0,6,3,2,2,1,1,"*"
"128","Karnes",1,18,9,5,4,3,2,"*",1,9,5,3,2,2,1,"*",4,11,6,3,3,2,2,"*",3,10,5,3,2,2,1,"*",1,8,4,2,2,2,1,"*",0,5,3,2,1,1,1,"*",0,6,3,2,2,1,1,"*"
"129","Kaufman",2,20,10,5,4,3,2,"*",22,18,9,5,4,3,2,"*",75,19,10,5,4,3,2,"*",60,18,10,5,4,3,2,"*",56,19,10,5,4,3,2,"*",23,19,10,5,4,3,2,"*",8,19,10,5,4,3,2,"*"
"130","Kendall",0,8,4,3,2,2,1,"*",2,12,6,3,3,2,2,"*",5,12,6,3,3,2,2,"*",5,12,6,3,3,2,2,"*",9,15,8,4,4,3,2,"*",5,16,8,4,4,3,2,"*",3,17,9,5,4,3,2,"*"
"131","Kenedy",0,8,4,3,2,2,1,"*",0,4,2,1,1,1,1,"*",0,3,2,1,1,1,1,"*",0,3,2,1,1,1,1,"*",0,4,2,1,1,1,1,"*",0,5,3,2,1,1,1,"*",0,6,3,2,2,1,1,"*"
"132","Kent",0,9,5,3,2,2,1,"*",0,4,2,1,1,1,1,"*",0,3,2,1,1,1,1,"*",0,3,2,1,1,1,1,"*",0,4,2,1,1,1,1,"*",0,5,3,2,1,1,1,"*",0,6,3,2,2,1,1,"*"
"133","Kerr",0,9,5,3,2,2,1,"*",9,17,9,5,4,3,2,"*",12,14,8,4,3,3,2,"*",15,15,8,4,4,3,2,"*",10,16,8,4,4,3,2,"*",5,16,8,4,4,3,2,"*",0,6,3,2,2,1,1,"*"
"134","Kimble",0,9,5,3,2,2,1,"*",1,9,5,3,2,2,1,"*",0,3,2,1,1,1,1,"*",2,8,4,3,2,2,1,"*",2,10,5,3,2,2,1,"*",0,5,3,2,1,1,1,"*",0,6,3,2,2,1,1,"*"
"135","King",0,9,5,3,2,2,1,"*",0,4,2,1,1,1,1,"*",0,3,2,1,1,1,1,"*",0,3,2,1,1,1,1,"*",0,4,2,1,1,1,1,"*",0,5,3,2,2,1,1,"*",0,6,3,2,2,1,1,"*"
"136","Kinney",0,9,5,3,2,2,1,"*",1,9,5,3,2,2,1,"*",0,3,2,1,1,1,1,"*",0,4,2,1,1,1,1,"*",0,4,2,1,1,1,1,"*",0,6,3,2,2,1,1,"*",1,13,7,4,3,2,2,"*"
"137","Kleberg",0,9,5,3,2,2,1,"*",8,16,9,5,4,3,2,"*",12,15,8,4,3,3,2,"*",18,16,8,4,4,3,2,"*",7,14,8,4,3,3,2,"*",2,12,6,3,3,2,2,"*",2,16,8,4,4,3,2,"*"
"138","Knox",0,9,5,3,2,2,1,"*",1,9,5,3,2,2,1,"*",0,3,2,1,1,1,1,"*",0,4,2,1,1,1,1,"*",0,4,2,1,1,1,1,"*",1,10,5,3,2,2,1,"*",0,6,3,2,2,1,1,"*"
"139","La Salle",0,9,5,3,2,2,1,"*",1,9,5,3,2,2,1,"*",0,3,2,1,1,1,1,"*",3,10,5,3,2,2,1,"*",5,14,7,4,3,2,2,"*",0,6,3,2,2,1,1,"*",1,13,7,4,3,2,2,"*"
"140","Lamar",0,9,5,3,2,2,1,"*",6,15,8,4,4,3,2,"*",12,15,8,4,3,3,2,"*",9,14,7,4,3,3,2,"*",8,15,8,4,3,3,2,"*",1,10,5,3,2,2,1,"*",0,6,3,2,2,1,1,"*"
"141","Lamb",0,9,5,3,2,2,1,"*",0,4,2,1,1,1,1,"*",1,6,3,2,2,1,1,"*",0,4,2,1,1,1,1,"*",1,8,4,2,2,2,1,"*",1,10,5,3,2,2,1,"*",0,7,4,2,2,1,1,"*"
"142","Lampasas",0,9,5,3,2,2,1,"*",1,9,5,3,2,2,1,"*",8,13,7,4,3,2,2,"*",5,12,6,3,3,2,2,"*",0,4,2,1,1,1,1,"*",0,6,3,2,2,1,1,"*",0,7,4,2,2,1,1,"*"
"143","Lavaca",0,9,5,3,2,2,1,"*",3,13,7,4,3,2,2,"*",1,6,3,2,2,1,1,"*",2,9,5,3,2,2,1,"*",3,12,6,3,3,2,2,"*",0,6,3,2,2,1,1,"*",0,7,4,2,2,1,1,"*"
"144","Lee",0,9,5,3,2,2,1,"*",1,9,5,3,2,2,1,"*",3,10,5,3,2,2,1,"*",14,15,8,4,3,3,2,"*",1,8,4,2,2,2,1,"*",3,14,7,4,3,3,2,"*",0,7,4,2,2,1,1,"*"
"145","Leon",0,10,5,3,2,2,1,"*",0,4,2,1,1,1,1,"*",4,11,6,3,3,2,2,"*",3,10,5,3,2,2,1,"*",1,8,4,2,2,2,1,"*",2,12,6,3,3,2,2,"*",0,7,4,2,2,1,1,"*"
"146","Liberty",1,18,9,5,4,3,2,"*",13,18,9,5,4,3,2,"*",45,18,9,5,4,3,2,"*",32,17,9,5,4,3,2,"*",15,17,9,5,4,3,2,"*",9,17,9,5,4,3,2,"*",2,16,8,4,4,3,2,"*"
"147","Limestone",0,10,5,3,2,2,1,"*",0,4,2,1,1,1,1,"*",11,14,7,4,3,3,2,"*",10,14,7,4,3,3,2,"*",1,8,4,2,2,2,1,"*",0,6,3,2,2,1,1,"*",1,14,7,4,3,2,2,"*"
"148","Lipscomb",0,10,5,3,2,2,1,"*",0,4,2,2,1,1,1,"*",0,3,2,1,1,1,1,"*",0,4,2,1,1,1,1,"*",0,4,2,1,1,1,1,"*",0,6,3,2,2,1,1,"*",0,7,4,2,2,1,1,"*"
"149","Live Oak",0,10,5,3,2,2,1,"*",3,14,7,4,3,2,2,"*",4,11,6,3,3,2,2,"*",1,7,4,2,2,1,1,"*",0,4,2,1,1,1,1,"*",3,14,7,4,3,3,2,"*",0,7,4,2,2,1,1,"*"
"150","Llano",0,10,5,3,2,2,1,"*",1,9,5,3,2,2,1,"*",4,11,6,3,3,2,2,"*",5,12,6,3,3,2,2,"*",3,12,6,3,3,2,2,"*",2,12,6,3,3,2,2,"*",2,16,8,4,4,3,2,"*"
"151","Loving",0,10,5,3,2,2,1,"*",0,5,3,2,1,1,1,"*",0,3,2,1,1,1,1,"*",0,4,2,1,1,1,1,"*",1,8,4,2,2,2,1,"*",0,6,3,2,2,1,1,"*",0,7,4,2,2,2,1,"*"
"152","Lubbock",1,18,9,5,4,3,2,"*",22,18,10,5,4,3,2,"*",69,18,10,5,4,3,2,"*",34,18,9,5,4,3,2,"*",29,18,9,5,4,3,2,"*",16,18,9,5,4,3,2,"*",3,17,9,5,4,3,2,"*"
"153","Lynn",0,10,5,3,2,2,1,"*",0,5,3,2,1,1,1,"*",1,6,3,2,2,1,1,"*",0,4,2,1,1,1,1,"*",0,4,2,1,1,1,1,"*",0,6,3,2,2,1,1,"*",0,7,4,2,2,2,1,"*"
"154","Madison",0,10,5,3,2,2,1,"*",2,12,6,3,3,2,2,"*",5,12,6,3,3,2,2,"*",4,11,6,3,3,2,2,"*",2,10,5,3,2,2,1,"*",1,10,5,3,2,2,1,"*",1,14,7,4,3,3,2,"*"
"155","Marion",0,10,5,3,2,2,1,"*",0,5,3,2,1,1,1,"*",1,7,4,2,2,1,1,"*",4,11,6,3,3,2,2,"*",3,12,6,3,3,2,2,"*",0,6,3,2,2,1,1,"*",0,7,4,2,2,2,1,"*"
"156","Martin",0,10,5,3,2,2,1,"*",0,5,3,2,1,1,1,"*",2,9,5,3,2,2,1,"*",1,7,4,2,2,2,1,"*",1,8,4,2,2,2,1,"*",0,6,3,2,2,1,1,"*",0,7,4,2,2,2,1,"*"
"157","Mason",0,10,5,3,2,2,2,"*",0,5,3,2,1,1,1,"*",3,10,5,3,2,2,1,"*",0,4,2,1,1,1,1,"*",0,4,2,2,1,1,1,"*",1,10,5,3,2,2,1,"*",0,7,4,2,2,2,1,"*"
"158","Matagorda",0,10,5,3,3,2,2,"*",3,14,7,4,3,3,2,"*",15,15,8,4,4,3,2,"*",17,16,8,4,4,3,2,"*",7,15,8,4,3,3,2,"*",2,12,6,3,3,2,2,"*",2,16,8,4,4,3,2,"*"
"159","Maverick",0,10,6,3,3,2,2,"*",7,16,8,4,4,3,2,"*",12,15,8,4,3,3,2,"*",24,16,9,5,4,3,2,"*",13,16,8,4,4,3,2,"*",4,15,8,4,3,3,2,"*",0,7,4,2,2,2,1,"*"
"160","McCulloch",0,11,6,3,3,2,2,"*",0,5,3,2,1,1,1,"*",2,9,5,3,2,2,1,"*",2,9,5,3,2,2,1,"*",1,8,4,2,2,2,1,"*",0,6,3,2,2,1,1,"*",0,8,4,2,2,2,1,"*"
"161","McLennan",1,18,9,5,4,3,2,"*",41,19,10,5,4,3,2,"*",109,19,10,5,4,3,2,"*",88,19,10,5,4,3,2,"*",46,19,10,5,4,3,2,"*",21,18,9,5,4,3,2,"*",7,18,10,5,4,3,2,"*"
"162","McMullen",0,11,6,3,3,2,2,"*",0,5,3,2,1,1,1,"*",0,3,2,1,1,1,1,"*",0,4,2,1,1,1,1,"*",0,5,3,2,1,1,1,"*",0,6,3,2,2,1,1,"*",0,8,4,2,2,2,1,"*"
"163","Medina",0,11,6,3,3,2,2,"*",9,17,9,5,4,3,2,"*",10,14,7,4,3,3,2,"*",13,15,8,4,3,3,2,"*",8,15,8,4,3,3,2,"*",6,16,9,5,4,3,2,"*",2,16,8,4,4,3,2,"*"
"164","Menard",0,11,6,3,3,2,2,"*",0,5,3,2,1,1,1,"*",1,7,4,2,2,1,1,"*",0,4,2,1,1,1,1,"*",0,5,3,2,1,1,1,"*",1,10,5,3,2,2,1,"*",1,14,7,4,3,3,2,"*"
"165","Midland",0,11,6,3,3,2,2,"*",7,16,8,4,4,3,2,"*",47,18,9,5,4,3,2,"*",43,18,9,5,4,3,2,"*",29,18,9,5,4,3,2,"*",18,18,9,5,4,3,2,"*",5,18,9,5,4,3,2,"*"
"166","Milam",0,11,6,3,3,2,2,"*",3,14,7,4,3,3,2,"*",8,13,7,4,3,2,2,"*",5,12,6,3,3,2,2,"*",4,13,7,4,3,2,2,"*",1,10,5,3,2,2,1,"*",2,16,8,4,4,3,2,"*"
"167","Mills",0,11,6,3,3,2,2,"*",0,5,3,2,1,1,1,"*",0,4,2,1,1,1,1,"*",1,7,4,2,2,2,1,"*",0,5,3,2,1,1,1,"*",0,6,3,2,2,1,1,"*",0,8,4,2,2,2,1,"*"
"168","Mitchell",0,11,6,3,3,2,2,"*",0,5,3,2,1,1,1,"*",1,7,4,2,2,1,1,"*",1,7,4,2,2,2,1,"*",2,10,5,3,2,2,2,"*",1,10,5,3,2,2,1,"*",0,8,4,2,2,2,1,"*"
"169","Montague",0,11,6,3,3,2,2,"*",1,9,5,3,2,2,1,"*",4,11,6,3,3,2,2,"*",4,11,6,3,3,2,2,"*",5,14,7,4,3,3,2,"*",3,14,7,4,3,3,2,"*",0,8,4,2,2,2,1,"*"
"170","Montgomery",2,20,10,5,4,3,2,"*",74,20,10,5,4,3,2,"*",205,20,10,5,4,3,2,"*",220,20,10,5,4,3,2,"*",133,20,10,5,4,3,2,"*",99,20,10,5,4,3,2,"*",26,20,10,5,4,3,2,"*"
"171","Moore",0,11,6,3,3,2,2,"*",0,5,3,2,1,1,1,"*",3,10,5,3,2,2,1,"*",0,4,2,1,1,1,1,"*",2,10,5,3,3,2,2,"*",0,7,4,2,2,1,1,"*",0,8,4,2,2,2,1,"*"
"172","Morris",0,11,6,3,3,2,2,"*",4,14,7,4,3,3,2,"*",2,9,5,3,2,2,1,"*",1,7,4,2,2,2,1,"*",1,8,4,2,2,2,1,"*",3,14,7,4,3,3,2,"*",1,14,7,4,3,3,2,"*"
"173","Motley",0,11,6,3,3,2,2,"*",0,5,3,2,1,1,1,"*",0,4,2,1,1,1,1,"*",0,4,2,1,1,1,1,"*",0,5,3,2,1,1,1,"*",0,7,4,2,2,1,1,"*",0,8,4,2,2,2,1,"*"
"174","Nacogdoches",0,11,6,3,3,2,2,"*",7,16,8,4,4,3,2,"*",47,18,9,5,4,3,2,"*",10,14,7,4,3,3,2,"*",7,15,8,4,3,3,2,"*",4,15,8,4,3,3,2,"*",3,17,9,5,4,3,2,"*"
"175","Navarro",0,12,6,3,3,2,2,"*",7,16,8,4,4,3,2,"*",20,16,8,4,4,3,2,"*",22,16,9,5,4,3,2,"*",6,14,7,4,3,3,2,"*",4,15,8,4,3,3,2,"*",1,14,7,4,3,3,2,"*"
"176","Newton",0,12,6,3,3,2,2,"*",2,12,6,3,3,2,2,"*",2,9,5,3,2,2,1,"*",5,12,6,3,3,2,2,"*",1,8,4,2,2,2,1,"*",2,12,6,4,3,2,2,"*",0,8,4,2,2,2,1,"*"
"177","Nolan",0,12,6,3,3,2,2,"*",0,5,3,2,2,1,1,"*",3,10,5,3,2,2,1,"*",0,4,2,1,1,1,1,"*",1,8,4,3,2,2,1,"*",0,7,4,2,2,1,1,"*",0,8,4,2,2,2,1,"*"
"178","Nueces",0,12,6,3,3,2,2,"*",51,19,10,5,4,3,2,"*",174,19,10,5,4,3,2,"*",168,19,10,5,4,3,2,"*",106,19,10,5,4,3,2,"*",55,19,10,5,4,3,2,"*",21,19,10,5,4,3,2,"*"
"179","Ochiltree",0,12,6,3,3,2,2,"*",1,10,5,3,2,2,1,"*",1,7,4,2,2,1,1,"*",0,4,2,2,1,1,1,"*",0,5,3,2,1,1,1,"*",0,7,4,2,2,1,1,"*",0,8,4,2,2,2,1,"*"
"180","Oldham",0,12,6,3,3,2,2,"*",0,6,3,2,2,1,1,"*",0,4,2,1,1,1,1,"*",0,5,3,2,1,1,1,"*",0,5,3,2,1,1,1,"*",0,7,4,2,2,1,1,"*",0,8,4,2,2,2,1,"*"
"181","Orange",0,12,6,3,3,2,2,"*",12,17,9,5,4,3,2,"*",31,17,9,5,4,3,2,"*",35,18,9,5,4,3,2,"*",16,17,9,5,4,3,2,"*",9,17,9,5,4,3,2,"*",3,17,9,5,4,3,2,"*"
"182","Palo Pinto",0,12,6,3,3,2,2,"*",1,10,5,3,2,2,1,"*",6,12,6,3,3,2,2,"*",2,9,5,3,2,2,1,"*",3,12,6,3,3,2,2,"*",2,12,7,4,3,2,2,"*",2,16,8,4,4,3,2,"*"
"183","Panola",0,12,6,3,3,2,2,"*",1,10,5,3,2,2,1,"*",3,10,5,3,2,2,1,"*",5,12,6,3,3,2,2,"*",2,10,6,3,3,2,2,"*",2,12,7,4,3,2,2,"*",1,14,7,4,3,3,2,"*"
"184","Parker",0,12,6,3,3,2,2,"*",8,17,9,5,4,3,2,"*",24,16,8,4,4,3,2,"*",26,17,9,5,4,3,2,"*",16,17,9,5,4,3,2,"*",15,18,9,5,4,3,2,"*",6,18,9,5,4,3,2,"*"
"185","Parmer",0,12,6,4,3,2,2,"*",0,6,3,2,2,1,1,"*",0,4,2,1,1,1,1,"*",0,5,3,2,1,1,1,"*",0,5,3,2,1,1,1,"*",0,7,4,2,2,1,1,"*",0,8,4,3,2,2,1,"*"
"186","Pecos",0,12,7,4,3,2,2,"*",2,12,6,3,3,2,2,"*",2,9,5,3,2,2,1,"*",3,10,5,3,2,2,1,"*",1,8,4,3,2,2,1,"*",2,13,7,4,3,2,2,"*",0,8,4,3,2,2,1,"*"
"187","Polk",0,12,7,4,3,2,2,"*",3,14,7,4,3,3,2,"*",20,16,8,4,4,3,2,"*",10,14,7,4,3,3,2,"*",3,12,6,3,3,2,2,"*",4,15,8,4,3,3,2,"*",0,9,5,3,2,2,1,"*"
"188","Potter",1,18,9,5,4,3,2,"*",2,12,6,3,3,2,2,"*",4,11,6,3,3,2,2,"*",7,13,7,4,3,2,2,"*",4,13,7,4,3,2,2,"*",2,13,7,4,3,2,2,"*",1,14,7,4,3,3,2,"*"
"189","Presidio",0,13,7,4,3,2,2,"*",0,6,3,2,2,1,1,"*",1,7,4,2,2,1,1,"*",2,9,5,3,2,2,1,"*",1,9,5,3,2,2,1,"*",0,7,4,2,2,1,1,"*",0,9,5,3,2,2,1,"*"
"190","Rains",0,13,7,4,3,2,2,"*",2,12,6,3,3,2,2,"*",1,7,4,2,2,1,1,"*",3,10,5,3,2,2,1,"*",1,9,5,3,2,2,1,"*",0,7,4,2,2,2,1,"*",0,9,5,3,2,2,1,"*"
"191","Randall",0,13,7,4,3,2,2,"*",1,10,5,3,2,2,1,"*",5,12,6,3,3,2,2,"*",3,10,5,3,2,2,1,"*",1,9,5,3,2,2,1,"*",1,10,5,3,2,2,1,"*",0,9,5,3,2,2,1,"*"
"192","Reagan",0,13,7,4,3,2,2,"*",1,10,5,3,2,2,1,"*",1,7,4,2,2,1,1,"*",0,5,3,2,1,1,1,"*",0,5,3,2,1,1,1,"*",1,10,5,3,2,2,1,"*",0,9,5,3,2,2,1,"*"
"193","Real",0,13,7,4,3,2,2,"*",0,6,3,2,2,1,1,"*",1,7,4,2,2,2,1,"*",1,7,4,2,2,2,1,"*",1,9,5,3,2,2,1,"*",1,10,5,3,2,2,2,"*",0,9,5,3,2,2,1,"*"
"194","Red River",0,13,7,4,3,2,2,"*",1,10,5,3,2,2,1,"*",1,7,4,2,2,2,1,"*",3,10,5,3,2,2,1,"*",1,9,5,3,2,2,1,"*",2,13,7,4,3,2,2,"*",1,14,7,4,3,3,2,"*"
"195","Reeves",0,13,7,4,3,2,2,"*",0,6,3,2,2,1,1,"*",2,9,5,3,2,2,1,"*",2,9,5,3,2,2,1,"*",0,5,3,2,1,1,1,"*",0,7,4,2,2,2,1,"*",0,9,5,3,2,2,1,"*"
"196","Refugio",0,13,7,4,3,2,2,"*",0,6,3,2,2,1,1,"*",1,7,4,2,2,2,1,"*",0,5,3,2,1,1,1,"*",3,12,6,3,3,2,2,"*",0,7,4,2,2,2,1,"*",1,14,7,4,3,3,2,"*"
"197","Roberts",0,13,7,4,3,2,2,"*",0,6,3,2,2,1,1,"*",0,4,2,1,1,1,1,"*",0,5,3,2,1,1,1,"*",0,5,3,2,1,1,1,"*",0,7,4,2,2,2,1,"*",0,9,5,3,2,2,1,"*"
"198","Robertson",0,13,7,4,3,2,2,"*",1,10,5,3,2,2,1,"*",3,10,5,3,2,2,2,"*",7,13,7,4,3,2,2,"*",5,14,7,4,3,3,2,"*",1,10,5,3,3,2,2,"*",0,9,5,3,2,2,1,"*"
"199","Rockwall",1,18,10,5,4,3,2,"*",13,18,9,5,4,3,2,"*",27,17,9,5,4,3,2,"*",30,17,9,5,4,3,2,"*",22,18,9,5,4,3,2,"*",15,18,9,5,4,3,2,"*",10,19,10,5,4,3,2,"*"
"200","Runnels",1,19,10,5,4,3,2,"*",1,10,5,3,2,2,1,"*",1,7,4,2,2,2,1,"*",0,5,3,2,1,1,1,"*",2,11,6,3,3,2,2,"*",0,7,4,2,2,2,1,"*",0,9,5,3,2,2,1,"*"
"201","Rusk",0,13,7,4,3,2,2,"*",7,16,8,4,4,3,2,"*",11,14,7,4,3,3,2,"*",5,12,6,3,3,2,2,"*",7,15,8,4,3,3,2,"*",3,14,7,4,3,3,2,"*",0,9,5,3,2,2,1,"*"
"202","Sabine",0,13,7,4,3,2,2,"*",3,14,7,4,3,3,2,"*",2,9,5,3,2,2,1,"*",3,10,5,3,2,2,1,"*",1,9,5,3,2,2,1,"*",0,7,4,2,2,2,1,"*",0,9,5,3,2,2,1,"*"
"203","San Augustine",0,13,7,4,3,2,2,"*",1,10,5,3,2,2,1,"*",0,4,2,1,1,1,1,"*",2,9,5,3,2,2,1,"*",3,12,6,3,3,2,2,"*",2,13,7,4,3,2,2,"*",0,9,5,3,2,2,1,"*"
"204","San Jacinto",0,14,7,4,3,2,2,"*",4,14,7,4,3,3,2,"*",7,13,7,4,3,2,2,"*",6,13,7,4,3,2,2,"*",4,13,7,4,3,2,2,"*",1,10,6,3,3,2,2,"*",0,10,5,3,2,2,1,"*"
"205","San Patricio",1,19,10,5,4,3,2,"*",6,15,8,4,4,3,2,"*",19,16,8,4,4,3,2,"*",25,17,9,5,4,3,2,"*",13,16,8,4,4,3,2,"*",7,17,9,5,4,3,2,"*",4,18,9,5,4,3,2,"*"
"206","San Saba",1,19,10,5,4,3,2,"*",0,6,3,2,2,1,1,"*",0,4,2,1,1,1,1,"*",1,7,4,2,2,2,1,"*",0,5,3,2,1,1,1,"*",0,8,4,2,2,2,1,"*",0,10,5,3,2,2,1,"*"
"207","Schleicher",0,14,7,4,3,3,2,"*",0,6,3,2,2,1,1,"*",0,4,2,1,1,1,1,"*",0,5,3,2,1,1,1,"*",0,5,3,2,1,1,1,"*",0,8,4,2,2,2,1,"*",0,10,5,3,2,2,1,"*"
"208","Scurry",0,14,7,4,3,3,2,"*",0,6,3,2,2,1,1,"*",1,7,4,2,2,2,1,"*",4,11,6,3,3,2,2,"*",2,11,6,3,3,2,2,"*",3,14,7,4,3,3,2,"*",0,10,5,3,2,2,1,"*"
"209","Shackelford",0,14,7,4,3,3,2,"*",1,10,5,3,2,2,1,"*",2,9,5,3,2,2,1,"*",0,5,3,2,1,1,1,"*",1,9,5,3,2,2,1,"*",0,8,4,2,2,2,1,"*",0,10,5,3,2,2,1,"*"
"210","Shelby",0,14,7,4,3,3,2,"*",4,14,8,4,3,3,2,"*",9,14,7,4,3,2,2,"*",5,12,6,3,3,2,2,"*",7,15,8,4,3,3,2,"*",1,11,6,3,3,2,2,"*",2,16,8,4,4,3,2,"*"
"211","Sherman",0,14,7,4,3,3,2,"*",1,10,5,3,2,2,2,"*",0,4,2,1,1,1,1,"*",0,5,3,2,1,1,1,"*",0,5,3,2,2,1,1,"*",0,8,4,2,2,2,1,"*",0,10,5,3,2,2,1,"*"
"212","Smith",0,14,7,4,3,3,2,"*",34,19,10,5,4,3,2,"*",98,19,10,5,4,3,2,"*",89,19,10,5,4,3,2,"*",39,18,10,5,4,3,2,"*",34,19,10,5,4,3,2,"*",11,19,10,5,4,3,2,"*"
"213","Somervell",0,14,7,4,3,3,2,"*",0,6,3,2,2,1,1,"*",3,10,5,3,3,2,2,"*",0,5,3,2,1,1,1,"*",1,9,5,3,2,2,1,"*",3,14,7,4,3,3,2,"*",0,10,5,3,2,2,1,"*"
"214","Starr",1,19,10,5,4,3,2,"*",7,16,8,4,4,3,2,"*",13,15,8,4,3,3,2,"*",16,16,8,4,4,3,2,"*",6,14,7,4,3,3,2,"*",8,17,9,5,4,3,2,"*",3,17,9,5,4,3,2,"*"
"215","Stephens",0,14,7,4,3,3,2,"*",0,6,3,2,2,1,1,"*",0,4,2,1,1,1,1,"*",1,8,4,2,2,2,1,"*",1,9,5,3,2,2,1,"*",0,8,4,2,2,2,1,"*",0,10,5,3,2,2,1,"*"
"216","Sterling",0,14,7,4,3,3,2,"*",0,6,3,2,2,1,1,"*",1,7,4,2,2,2,1,"*",0,5,3,2,1,1,1,"*",0,6,3,2,2,1,1,"*",0,8,4,2,2,2,1,"*",0,10,5,3,2,2,1,"*"
"217","Stonewall",0,14,8,4,3,3,2,"*",0,7,4,2,2,1,1,"*",0,4,2,1,1,1,1,"*",0,5,3,2,1,1,1,"*",1,9,5,3,2,2,1,"*",0,8,4,2,2,2,1,"*",0,10,5,3,2,2,1,"*"
"218","Sutton",0,14,8,4,3,3,2,"*",0,7,4,2,2,1,1,"*",2,9,5,3,2,2,1,"*",0,5,3,2,2,1,1,"*",0,6,3,2,2,1,1,"*",1,11,6,3,3,2,2,"*",0,10,5,3,2,2,2,"*"
"219","Swisher",0,14,8,4,3,3,2,"*",0,7,4,2,2,1,1,"*",1,8,4,2,2,2,1,"*",0,6,3,2,2,1,1,"*",0,6,3,2,2,1,1,"*",0,8,4,2,2,2,1,"*",0,10,5,3,3,2,2,"*"
"220","Tarrant",9,20,10,5,4,3,2,"*",355,20,10,5,4,3,2,"*",1316,20,10,5,4,3,2,"*",1204,20,10,5,4,3,2,"*",791,20,10,5,4,3,2,"*",420,20,10,5,4,3,2,"*",127,20,10,5,4,3,2,"*"
"221","Taylor",1,19,10,5,4,3,2,"*",16,18,9,5,4,3,2,"*",45,18,9,5,4,3,2,"*",38,18,9,5,4,3,2,"*",16,17,9,5,4,3,2,"*",14,18,9,5,4,3,2,"*",3,17,9,5,4,3,2,"*"
"222","Terrell",0,15,8,4,3,3,2,"*",0,7,4,2,2,1,1,"*",2,9,5,3,2,2,1,"*",1,8,4,2,2,2,1,"*",1,9,5,3,2,2,1,"*",1,11,6,3,3,2,2,"*",0,10,6,3,3,2,2,"*"
"223","Terry",0,15,8,4,3,3,2,"*",0,7,4,2,2,1,1,"*",0,4,2,1,1,1,1,"*",0,6,3,2,2,1,1,"*",0,6,3,2,2,1,1,"*",0,8,4,2,2,2,1,"*",0,11,6,3,3,2,2,"*"
"224","Throckmorton",0,15,8,4,3,3,2,"*",0,7,4,2,2,1,1,"*",0,4,2,2,1,1,1,"*",0,6,3,2,2,1,1,"*",0,6,3,2,2,1,1,"*",0,8,4,2,2,2,1,"*",0,11,6,3,3,2,2,"*"
"225","Titus",0,15,8,4,3,3,2,"*",3,14,7,4,3,3,2,"*",12,15,8,4,3,3,2,"*",5,12,6,4,3,2,2,"*",4,13,7,4,3,2,2,"*",3,14,8,4,3,3,2,"*",1,14,7,4,3,3,2,"*"
"226","Tom Green",0,15,8,4,3,3,2,"*",17,18,9,5,4,3,2,"*",29,17,9,5,4,3,2,"*",26,17,9,5,4,3,2,"*",12,16,8,4,4,3,2,"*",4,15,8,4,3,3,2,"*",0,11,6,3,3,2,2,"*"
"227","Travis",5,20,10,5,4,3,2,"*",216,20,10,5,4,3,2,"*",940,20,10,5,4,3,2,"*",1022,20,10,5,4,3,2,"*",661,20,10,5,4,3,2,"*",370,20,10,5,4,3,2,"*",126,20,10,5,4,3,2,"*"
"228","Trinity",0,15,8,4,3,3,2,"*",1,10,5,3,3,2,2,"*",2,9,5,3,2,2,1,"*",2,9,5,3,2,2,1,"*",2,11,6,3,3,2,2,"*",0,8,4,2,2,2,1,"*",1,14,8,4,3,3,2,"*"
"229","Tyler",0,15,8,4,3,3,2,"*",2,12,6,4,3,2,2,"*",10,14,7,4,3,3,2,"*",4,11,6,3,3,2,2,"*",5,14,7,4,3,3,2,"*",1,11,6,3,3,2,2,"*",1,14,8,4,3,3,2,"*"
"230","Upshur",0,15,8,4,3,3,2,"*",4,14,8,4,3,3,2,"*",7,13,7,4,3,2,2,"*",2,9,5,3,2,2,1,"*",0,6,3,2,2,1,1,"*",1,11,6,3,3,2,2,"*",0,11,6,3,3,2,2,"*"
"231","Upton",0,15,8,4,3,3,2,"*",0,7,4,2,2,1,1,"*",0,5,3,2,1,1,1,"*",0,6,3,2,2,1,1,"*",0,6,3,2,2,1,1,"*",2,13,7,4,3,2,2,"*",1,14,8,4,3,3,2,"*"
"232","Uvalde",0,15,8,4,4,3,2,"*",5,15,8,4,3,3,2,"*",8,13,7,4,3,2,2,"*",11,14,8,4,3,3,2,"*",7,15,8,4,3,3,2,"*",5,16,8,4,4,3,2,"*",1,15,8,4,3,3,2,"*"
"233","Val Verde",0,15,8,4,4,3,2,"*",4,14,8,4,3,3,2,"*",24,16,9,5,4,3,2,"*",15,15,8,4,4,3,2,"*",17,17,9,5,4,3,2,"*",2,13,7,4,3,2,2,"*",2,16,8,4,4,3,2,"*"
"234","Van Zandt",0,15,8,4,4,3,2,"*",11,17,9,5,4,3,2,"*",13,15,8,4,3,3,2,"*",11,15,8,4,3,3,2,"*",10,16,8,4,4,3,2,"*",4,15,8,4,4,3,2,"*",0,11,6,3,3,2,2,"*"
"235","Victoria",1,19,10,5,4,3,2,"*",12,17,9,5,4,3,2,"*",39,17,9,5,4,3,2,"*",25,17,9,5,4,3,2,"*",26,18,9,5,4,3,2,"*",9,17,9,5,4,3,2,"*",4,18,9,5,4,3,2,"*"
"236","Walker",0,16,8,4,4,3,2,"*",11,17,9,5,4,3,2,"*",53,18,9,5,4,3,2,"*",18,16,8,4,4,3,2,"*",14,17,9,5,4,3,2,"*",7,17,9,5,4,3,2,"*",0,11,6,3,3,2,2,"*"
"237","Waller",0,16,8,4,4,3,2,"*",14,18,9,5,4,3,2,"*",33,17,9,5,4,3,2,"*",19,16,8,4,4,3,2,"*",17,17,9,5,4,3,2,"*",5,16,8,4,4,3,2,"*",2,16,9,5,4,3,2,"*"
"238","Ward",0,16,8,4,4,3,2,"*",0,7,4,2,2,2,1,"*",1,8,4,2,2,2,1,"*",1,8,4,2,2,2,1,"*",0,6,3,2,2,1,1,"*",0,8,4,3,2,2,1,"*",0,11,6,3,3,2,2,"*"
"239","Washington",0,16,8,4,4,3,2,"*",5,15,8,4,3,3,2,"*",11,14,8,4,3,3,2,"*",15,15,8,4,4,3,2,"*",6,14,8,4,3,3,2,"*",3,14,8,4,3,3,2,"*",2,16,9,5,4,3,2,"*"
"240","Webb",0,16,8,4,4,3,2,"*",39,19,10,5,4,3,2,"*",89,19,10,5,4,3,2,"*",85,19,10,5,4,3,2,"*",50,19,10,5,4,3,2,"*",25,19,10,5,4,3,2,"*",8,19,10,5,4,3,2,"*"
"241","Wharton",0,16,8,4,4,3,2,"*",4,15,8,4,3,3,2,"*",19,16,8,4,4,3,2,"*",19,16,8,4,4,3,2,"*",16,17,9,5,4,3,2,"*",4,15,8,4,4,3,2,"*",2,17,9,5,4,3,2,"*"
"242","Wheeler",0,16,8,4,4,3,2,"*",0,7,4,2,2,2,1,"*",1,8,4,2,2,2,1,"*",0,6,3,2,2,1,1,"*",0,6,3,2,2,1,1,"*",0,8,4,3,2,2,1,"*",0,11,6,3,3,2,2,"*"
"243","Wichita",1,19,10,5,4,3,2,"*",7,16,8,4,4,3,2,"*",35,17,9,5,4,3,2,"*",32,18,9,5,4,3,2,"*",16,17,9,5,4,3,2,"*",8,17,9,5,4,3,2,"*",1,15,8,4,3,3,2,"*"
"244","Wilbarger",0,16,8,4,4,3,2,"*",2,12,7,4,3,2,2,"*",1,8,4,2,2,2,1,"*",2,9,5,3,2,2,1,"*",0,6,3,2,2,1,1,"*",1,11,6,3,3,2,2,"*",0,11,6,3,3,2,2,"*"
"245","Willacy",0,16,8,4,4,3,2,"*",2,12,7,4,3,2,2,"*",3,10,6,3,3,2,2,"*",5,12,7,4,3,2,2,"*",5,14,7,4,3,3,2,"*",0,9,5,3,2,2,1,"*",3,18,9,5,4,3,2,"*"
"246","Williamson",3,20,10,5,4,3,2,"*",56,19,10,5,4,3,2,"*",198,19,10,5,4,3,2,"*",235,20,10,5,4,3,2,"*",185,20,10,5,4,3,2,"*",121,20,10,5,4,3,2,"*",36,20,10,5,4,3,2,"*"
"247","Wilson",0,16,8,4,4,3,2,"*",4,15,8,4,3,3,2,"*",23,16,8,4,4,3,2,"*",18,16,8,4,4,3,2,"*",9,15,8,4,4,3,2,"*",5,16,8,4,4,3,2,"*",1,15,8,4,3,3,2,"*"
"248","Winkler",0,16,9,5,4,3,2,"*",0,7,4,2,2,2,1,"*",0,5,3,2,1,1,1,"*",1,8,4,2,2,2,1,"*",0,6,3,2,2,1,1,"*",0,9,5,3,2,2,1,"*",0,11,6,3,3,2,2,"*"
"249","Wise",0,16,9,5,4,3,2,"*",10,17,9,5,4,3,2,"*",7,13,7,4,3,2,2,"*",11,15,8,4,3,3,2,"*",10,16,8,4,4,3,2,"*",7,17,9,5,4,3,2,"*",1,15,8,4,3,3,2,"*"
"250","Wood",0,17,9,5,4,3,2,"*",2,13,7,4,3,2,2,"*",9,14,7,4,3,3,2,"*",7,13,7,4,3,2,2,"*",2,11,6,3,3,2,2,"*",3,14,8,4,3,3,2,"*",0,11,6,3,3,2,2,"*"
"251","Yoakum",0,17,9,5,4,3,2,"*",1,10,6,3,3,2,2,"*",6,12,6,3,3,2,2,"*",1,8,4,2,2,2,1,"*",5,14,7,4,3,3,2,"*",1,11,6,3,3,2,2,"*",0,11,6,3,3,2,2,"*"
"252","Young",0,17,9,5,4,3,2,"*",3,14,7,4,3,3,2,"*",2,9,5,3,2,2,1,"*",3,10,5,3,2,2,1,"*",0,6,3,2,2,1,1,"*",0,9,5,3,2,2,1,"*",0,11,6,3,3,2,2,"*"
"253","Zapata",0,17,9,5,4,3,2,"*",3,14,7,4,3,3,2,"*",1,8,4,2,2,2,1,"*",3,10,5,3,2,2,1,"*",5,14,7,4,3,3,2,"*",1,11,6,3,3,2,2,"*",2,17,9,5,4,3,2,"*"
"254","Zavala",1,19,10,5,4,3,2,"*",1,11,6,3,3,2,2,"*",3,11,6,3,3,2,2,"*",4,11,6,3,3,2,2,"*",4,13,7,4,3,2,2,"*",3,15,8,4,3,3,2,"*",1,15,8,4,3,3,2,"*"
