"","C0","A0","A1","A2","A3","A4","A5","H0","H1","H2","H3","H4","H5","W0","W1","W2","W3","W4","W5","B0","B1","B2","B3","B4","B5","O0","O1","O2","O3","O4","O5"
"1","Anderson",0,"0","0-5","0-20","0-1000","*",9,"6-10","6-20","0-20","0-1000","*",13,"11-20","6-20","0-20","0-1000","*",17,"11-20","6-20","0-20","0-1000","*",1,"0","0-5","0-20","0-1000","*"
"2","Andrews",0,"0","0-5","0-20","0-1000","*",2,"1-5","0-5","0-20","0-1000","*",1,"0","0-5","0-20","0-1000","*",0,"0","0-5","0-20","0-1000","*",0,"0","0-5","0-20","0-1000","*"
"3","Angelina",1,"0","0-5","0-20","0-1000","*",27,"21-35","21-50","21-1000","0-1000","*",26,"21-35","21-50","21-1000","0-1000","*",42,"36-50","21-50","21-1000","0-1000","*",1,"0","0-5","0-20","0-1000","*"
"4","Aransas",1,"0","0-5","0-20","0-1000","*",2,"1-5","0-5","0-20","0-1000","*",20,"11-20","6-20","0-20","0-1000","*",0,"0","0-5","0-20","0-1000","*",0,"0","0-5","0-20","0-1000","*"
"5","Archer",0,"0","0-5","0-20","0-1000","*",0,"0","0-5","0-20","0-1000","*",1,"0","0-5","0-20","0-1000","*",0,"0","0-5","0-20","0-1000","*",0,"0","0-5","0-20","0-1000","*"
"6","Armstrong",0,"0","0-5","0-20","0-1000","*",0,"0","0-5","0-20","0-1000","*",0,"0","0-5","0-20","0-1000","*",0,"0","0-5","0-20","0-1000","*",0,"0","0-5","0-20","0-1000","*"
"7","Atascosa",0,"0","0-5","0-20","0-1000","*",49,"36-50","21-50","21-1000","0-1000","*",25,"21-35","21-50","21-1000","0-1000","*",0,"0","0-5","0-20","0-1000","*",1,"0","0-5","0-20","0-1000","*"
"8","Austin",0,"0","0-5","0-20","0-1000","*",8,"6-10","6-20","0-20","0-1000","*",12,"11-20","6-20","0-20","0-1000","*",5,"1-5","0-5","0-20","0-1000","*",0,"0","0-5","0-20","0-1000","*"
"9","Bailey",0,"0","0-5","0-20","0-1000","*",2,"1-5","0-5","0-20","0-1000","*",1,"0","0-5","0-20","0-1000","*",1,"0","0-5","0-20","0-1000","*",0,"0","0-5","0-20","0-1000","*"
"10","Bandera",0,"0","0-5","0-20","0-1000","*",2,"1-5","0-5","0-20","0-1000","*",14,"11-20","6-20","0-20","0-1000","*",0,"0","0-5","0-20","0-1000","*",0,"0","0-5","0-20","0-1000","*"
"11","Bastrop",1,"0","0-5","0-20","0-1000","*",64,"51-100","51-1000","21-1000","0-1000","*",51,"51-100","51-1000","21-1000","0-1000","*",21,"21-35","21-50","21-1000","0-1000","*",6,"6-10","6-20","0-20","0-1000","*"
"12","Baylor",0,"0","0-5","0-20","0-1000","*",0,"0","0-5","0-20","0-1000","*",0,"0","0-5","0-20","0-1000","*",1,"0","0-5","0-20","0-1000","*",0,"0","0-5","0-20","0-1000","*"
"13","Bee",0,"0","0-5","0-20","0-1000","*",26,"21-35","21-50","21-1000","0-1000","*",15,"11-20","6-20","0-20","0-1000","*",3,"1-5","0-5","0-20","0-1000","*",0,"0","0-5","0-20","0-1000","*"
"14","Bell",33,"21-35","21-50","21-1000","0-1000","*",188,"100-1000","51-1000","21-1000","0-1000","*",242,"100-1000","51-1000","21-1000","0-1000","*",378,"100-1000","51-1000","21-1000","0-1000","*",52,"51-100","51-1000","21-1000","0-1000","*"
"15","Bexar",168,"100-1000","51-1000","21-1000","0-1000","*",2937,"1000+","1000+","1000+","1000+","*",1323,"1000+","1000+","1000+","1000+","*",676,"100-1000","51-1000","21-1000","0-1000","*",76,"51-100","51-1000","21-1000","0-1000","*"
"16","Blanco",0,"0","0-5","0-20","0-1000","*",5,"1-5","0-5","0-20","0-1000","*",12,"11-20","6-20","0-20","0-1000","*",0,"0","0-5","0-20","0-1000","*",0,"0","0-5","0-20","0-1000","*"
"17","Borden",0,"0","0-5","0-20","0-1000","*",0,"0","0-5","0-20","0-1000","*",0,"0","0-5","0-20","0-1000","*",0,"0","0-5","0-20","0-1000","*",0,"0","0-5","0-20","0-1000","*"
"18","Bosque",0,"0","0-5","0-20","0-1000","*",3,"1-5","0-5","0-20","0-1000","*",4,"1-5","0-5","0-20","0-1000","*",0,"0","0-5","0-20","0-1000","*",0,"0","0-5","0-20","0-1000","*"
"19","Bowie",2,"1-5","0-5","0-20","0-1000","*",7,"6-10","6-20","0-20","0-1000","*",26,"21-35","21-50","21-1000","0-1000","*",62,"51-100","51-1000","21-1000","0-1000","*",2,"1-5","0-5","0-20","0-1000","*"
"20","Brazoria",24,"21-35","21-50","21-1000","0-1000","*",165,"100-1000","51-1000","21-1000","0-1000","*",199,"100-1000","51-1000","21-1000","0-1000","*",224,"100-1000","51-1000","21-1000","0-1000","*",8,"6-10","6-20","0-20","0-1000","*"
"21","Brazos",16,"11-20","6-20","0-20","0-1000","*",85,"51-100","51-1000","21-1000","0-1000","*",131,"100-1000","51-1000","21-1000","0-1000","*",95,"51-100","51-1000","21-1000","0-1000","*",3,"1-5","0-5","0-20","0-1000","*"
"22","Brewster",0,"0","0-5","0-20","0-1000","*",0,"0","0-5","0-20","0-1000","*",4,"1-5","0-5","0-20","0-1000","*",0,"0","0-5","0-20","0-1000","*",0,"0","0-5","0-20","0-1000","*"
"23","Briscoe",0,"0","0-5","0-20","0-1000","*",1,"0","0-5","0-20","0-1000","*",0,"0","0-5","0-20","0-1000","*",0,"0","0-5","0-20","0-1000","*",0,"0","0-5","0-20","0-1000","*"
"24","Brooks",0,"0","0-5","0-20","0-1000","*",4,"1-5","0-5","0-20","0-1000","*",1,"0","0-5","0-20","0-1000","*",0,"0","0-5","0-20","0-1000","*",0,"0","0-5","0-20","0-1000","*"
"25","Brown",0,"0","0-5","0-20","0-1000","*",5,"1-5","0-5","0-20","0-1000","*",9,"6-10","6-20","0-20","0-1000","*",3,"1-5","0-5","0-20","0-1000","*",0,"0","0-5","0-20","0-1000","*"
"26","Burleson",0,"0","0-5","0-20","0-1000","*",2,"1-5","0-5","0-20","0-1000","*",8,"6-10","6-20","0-20","0-1000","*",7,"6-10","6-20","0-20","0-1000","*",0,"0","0-5","0-20","0-1000","*"
"27","Burnet",0,"0","0-5","0-20","0-1000","*",22,"21-35","21-50","21-1000","0-1000","*",29,"21-35","21-50","21-1000","0-1000","*",1,"0","0-5","0-20","0-1000","*",5,"1-5","0-5","0-20","0-1000","*"
"28","Caldwell",1,"0","0-5","0-20","0-1000","*",52,"51-100","51-1000","21-1000","0-1000","*",25,"21-35","21-50","21-1000","0-1000","*",4,"1-5","0-5","0-20","0-1000","*",3,"1-5","0-5","0-20","0-1000","*"
"29","Calhoun",0,"0","0-5","0-20","0-1000","*",9,"6-10","6-20","0-20","0-1000","*",4,"1-5","0-5","0-20","0-1000","*",1,"0","0-5","0-20","0-1000","*",0,"0","0-5","0-20","0-1000","*"
"30","Callahan",0,"0","0-5","0-20","0-1000","*",2,"1-5","0-5","0-20","0-1000","*",2,"1-5","0-5","0-20","0-1000","*",0,"0","0-5","0-20","0-1000","*",0,"0","0-5","0-20","0-1000","*"
"31","Cameron",4,"1-5","0-5","0-20","0-1000","*",327,"100-1000","51-1000","21-1000","0-1000","*",82,"51-100","51-1000","21-1000","0-1000","*",2,"1-5","0-5","0-20","0-1000","*",2,"1-5","0-5","0-20","0-1000","*"
"32","Camp",0,"0","0-5","0-20","0-1000","*",3,"1-5","0-5","0-20","0-1000","*",8,"6-10","6-20","0-20","0-1000","*",8,"6-10","6-20","0-20","0-1000","*",0,"0","0-5","0-20","0-1000","*"
"33","Carson",0,"0","0-5","0-20","0-1000","*",0,"0","0-5","0-20","0-1000","*",0,"0","0-5","0-20","0-1000","*",1,"0","0-5","0-20","0-1000","*",0,"0","0-5","0-20","0-1000","*"
"34","Cass",0,"0","0-5","0-20","0-1000","*",0,"0","0-5","0-20","0-1000","*",8,"6-10","6-20","0-20","0-1000","*",9,"6-10","6-20","0-20","0-1000","*",0,"0","0-5","0-20","0-1000","*"
"35","Castro",0,"0","0-5","0-20","0-1000","*",0,"0","0-5","0-20","0-1000","*",0,"0","0-5","0-20","0-1000","*",0,"0","0-5","0-20","0-1000","*",0,"0","0-5","0-20","0-1000","*"
"36","Chambers",2,"1-5","0-5","0-20","0-1000","*",20,"11-20","6-20","0-20","0-1000","*",25,"21-35","21-50","21-1000","0-1000","*",10,"6-10","6-20","0-20","0-1000","*",0,"0","0-5","0-20","0-1000","*"
"37","Cherokee",0,"0","0-5","0-20","0-1000","*",16,"11-20","6-20","0-20","0-1000","*",7,"6-10","6-20","0-20","0-1000","*",14,"11-20","6-20","0-20","0-1000","*",3,"1-5","0-5","0-20","0-1000","*"
"38","Childress",0,"0","0-5","0-20","0-1000","*",0,"0","0-5","0-20","0-1000","*",0,"0","0-5","0-20","0-1000","*",0,"0","0-5","0-20","0-1000","*",1,"0","0-5","0-20","0-1000","*"
"39","Clay",1,"0","0-5","0-20","0-1000","*",0,"0","0-5","0-20","0-1000","*",1,"0","0-5","0-20","0-1000","*",0,"0","0-5","0-20","0-1000","*",0,"0","0-5","0-20","0-1000","*"
"40","Cochran",0,"0","0-5","0-20","0-1000","*",1,"0","0-5","0-20","0-1000","*",0,"0","0-5","0-20","0-1000","*",0,"0","0-5","0-20","0-1000","*",0,"0","0-5","0-20","0-1000","*"
"41","Coke",0,"0","0-5","0-20","0-1000","*",0,"0","0-5","0-20","0-1000","*",0,"0","0-5","0-20","0-1000","*",0,"0","0-5","0-20","0-1000","*",0,"0","0-5","0-20","0-1000","*"
"42","Coleman",0,"0","0-5","0-20","0-1000","*",1,"0","0-5","0-20","0-1000","*",2,"1-5","0-5","0-20","0-1000","*",0,"0","0-5","0-20","0-1000","*",0,"0","0-5","0-20","0-1000","*"
"43","Collin",264,"100-1000","51-1000","21-1000","0-1000","*",256,"100-1000","51-1000","21-1000","0-1000","*",440,"100-1000","51-1000","21-1000","0-1000","*",448,"100-1000","51-1000","21-1000","0-1000","*",39,"36-50","21-50","21-1000","0-1000","*"
"44","Collingsworth",0,"0","0-5","0-20","0-1000","*",0,"0","0-5","0-20","0-1000","*",0,"0","0-5","0-20","0-1000","*",0,"0","0-5","0-20","0-1000","*",0,"0","0-5","0-20","0-1000","*"
"45","Colorado",0,"0","0-5","0-20","0-1000","*",6,"6-10","6-20","0-20","0-1000","*",8,"6-10","6-20","0-20","0-1000","*",6,"6-10","6-20","0-20","0-1000","*",0,"0","0-5","0-20","0-1000","*"
"46","Comal",3,"1-5","0-5","0-20","0-1000","*",73,"51-100","51-1000","21-1000","0-1000","*",130,"100-1000","51-1000","21-1000","0-1000","*",15,"11-20","6-20","0-20","0-1000","*",7,"6-10","6-20","0-20","0-1000","*"
"47","Comanche",0,"0","0-5","0-20","0-1000","*",1,"0","0-5","0-20","0-1000","*",3,"1-5","0-5","0-20","0-1000","*",0,"0","0-5","0-20","0-1000","*",0,"0","0-5","0-20","0-1000","*"
"48","Concho",0,"0","0-5","0-20","0-1000","*",1,"0","0-5","0-20","0-1000","*",3,"1-5","0-5","0-20","0-1000","*",0,"0","0-5","0-20","0-1000","*",0,"0","0-5","0-20","0-1000","*"
"49","Cooke",0,"0","0-5","0-20","0-1000","*",6,"6-10","6-20","0-20","0-1000","*",17,"11-20","6-20","0-20","0-1000","*",3,"1-5","0-5","0-20","0-1000","*",0,"0","0-5","0-20","0-1000","*"
"50","Coryell",5,"1-5","0-5","0-20","0-1000","*",21,"21-35","21-50","21-1000","0-1000","*",41,"36-50","21-50","21-1000","0-1000","*",36,"36-50","21-50","21-1000","0-1000","*",3,"1-5","0-5","0-20","0-1000","*"
"51","Cottle",0,"0","0-5","0-20","0-1000","*",0,"0","0-5","0-20","0-1000","*",1,"0","0-5","0-20","0-1000","*",0,"0","0-5","0-20","0-1000","*",0,"0","0-5","0-20","0-1000","*"
"52","Crane",0,"0","0-5","0-20","0-1000","*",5,"1-5","0-5","0-20","0-1000","*",1,"0","0-5","0-20","0-1000","*",0,"0","0-5","0-20","0-1000","*",0,"0","0-5","0-20","0-1000","*"
"53","Crockett",0,"0","0-5","0-20","0-1000","*",2,"1-5","0-5","0-20","0-1000","*",1,"0","0-5","0-20","0-1000","*",1,"0","0-5","0-20","0-1000","*",0,"0","0-5","0-20","0-1000","*"
"54","Crosby",0,"0","0-5","0-20","0-1000","*",3,"1-5","0-5","0-20","0-1000","*",2,"1-5","0-5","0-20","0-1000","*",0,"0","0-5","0-20","0-1000","*",0,"0","0-5","0-20","0-1000","*"
"55","Culberson",0,"0","0-5","0-20","0-1000","*",0,"0","0-5","0-20","0-1000","*",0,"0","0-5","0-20","0-1000","*",0,"0","0-5","0-20","0-1000","*",0,"0","0-5","0-20","0-1000","*"
"56","Dallam",0,"0","0-5","0-20","0-1000","*",0,"0","0-5","0-20","0-1000","*",0,"0","0-5","0-20","0-1000","*",0,"0","0-5","0-20","0-1000","*",0,"0","0-5","0-20","0-1000","*"
"57","Dallas",438,"100-1000","51-1000","21-1000","0-1000","*",2202,"1000+","1000+","1000+","1000+","*",1035,"1000+","1000+","1000+","1000+","*",3052,"1000+","1000+","1000+","1000+","*",140,"100-1000","51-1000","21-1000","0-1000","*"
"58","Dawson",0,"0","0-5","0-20","0-1000","*",2,"1-5","0-5","0-20","0-1000","*",1,"0","0-5","0-20","0-1000","*",0,"0","0-5","0-20","0-1000","*",0,"0","0-5","0-20","0-1000","*"
"59","DeWitt",0,"0","0-5","0-20","0-1000","*",3,"1-5","0-5","0-20","0-1000","*",10,"6-10","6-20","0-20","0-1000","*",1,"0","0-5","0-20","0-1000","*",0,"0","0-5","0-20","0-1000","*"
"60","Deaf Smith",0,"0","0-5","0-20","0-1000","*",1,"0","0-5","0-20","0-1000","*",1,"0","0-5","0-20","0-1000","*",0,"0","0-5","0-20","0-1000","*",0,"0","0-5","0-20","0-1000","*"
"61","Delta",0,"0","0-5","0-20","0-1000","*",0,"0","0-5","0-20","0-1000","*",0,"0","0-5","0-20","0-1000","*",1,"0","0-5","0-20","0-1000","*",0,"0","0-5","0-20","0-1000","*"
"62","Denton",157,"100-1000","51-1000","21-1000","0-1000","*",245,"100-1000","51-1000","21-1000","0-1000","*",406,"100-1000","51-1000","21-1000","0-1000","*",420,"100-1000","51-1000","21-1000","0-1000","*",25,"21-35","21-50","21-1000","0-1000","*"
"63","Dickens",0,"0","0-5","0-20","0-1000","*",0,"0","0-5","0-20","0-1000","*",0,"0","0-5","0-20","0-1000","*",0,"0","0-5","0-20","0-1000","*",0,"0","0-5","0-20","0-1000","*"
"64","Dimmit",0,"0","0-5","0-20","0-1000","*",9,"6-10","6-20","0-20","0-1000","*",1,"0","0-5","0-20","0-1000","*",0,"0","0-5","0-20","0-1000","*",0,"0","0-5","0-20","0-1000","*"
"65","Donley",0,"0","0-5","0-20","0-1000","*",0,"0","0-5","0-20","0-1000","*",0,"0","0-5","0-20","0-1000","*",1,"0","0-5","0-20","0-1000","*",0,"0","0-5","0-20","0-1000","*"
"66","Duval",0,"0","0-5","0-20","0-1000","*",9,"6-10","6-20","0-20","0-1000","*",2,"1-5","0-5","0-20","0-1000","*",0,"0","0-5","0-20","0-1000","*",0,"0","0-5","0-20","0-1000","*"
"67","Eastland",0,"0","0-5","0-20","0-1000","*",4,"1-5","0-5","0-20","0-1000","*",8,"6-10","6-20","0-20","0-1000","*",1,"0","0-5","0-20","0-1000","*",0,"0","0-5","0-20","0-1000","*"
"68","Ector",0,"0","0-5","0-20","0-1000","*",86,"51-100","51-1000","21-1000","0-1000","*",42,"36-50","21-50","21-1000","0-1000","*",10,"6-10","6-20","0-20","0-1000","*",1,"0","0-5","0-20","0-1000","*"
"69","Edwards",0,"0","0-5","0-20","0-1000","*",0,"0","0-5","0-20","0-1000","*",0,"0","0-5","0-20","0-1000","*",0,"0","0-5","0-20","0-1000","*",0,"0","0-5","0-20","0-1000","*"
"70","El Paso",0,"0","0-5","0-20","0-1000","*",17,"11-20","6-20","0-20","0-1000","*",4,"1-5","0-5","0-20","0-1000","*",4,"1-5","0-5","0-20","0-1000","*",2,"1-5","0-5","0-20","0-1000","*"
"71","Ellis",6,"6-10","6-20","0-20","0-1000","*",84,"51-100","51-1000","21-1000","0-1000","*",101,"100-1000","51-1000","21-1000","0-1000","*",92,"51-100","51-1000","21-1000","0-1000","*",4,"1-5","0-5","0-20","0-1000","*"
"72","Erath",1,"0","0-5","0-20","0-1000","*",15,"11-20","6-20","0-20","0-1000","*",35,"21-35","21-50","21-1000","0-1000","*",3,"1-5","0-5","0-20","0-1000","*",0,"0","0-5","0-20","0-1000","*"
"73","Falls",0,"0","0-5","0-20","0-1000","*",2,"1-5","0-5","0-20","0-1000","*",6,"6-10","6-20","0-20","0-1000","*",9,"6-10","6-20","0-20","0-1000","*",0,"0","0-5","0-20","0-1000","*"
"74","Fannin",0,"0","0-5","0-20","0-1000","*",3,"1-5","0-5","0-20","0-1000","*",19,"11-20","6-20","0-20","0-1000","*",2,"1-5","0-5","0-20","0-1000","*",1,"0","0-5","0-20","0-1000","*"
"75","Fayette",0,"0","0-5","0-20","0-1000","*",5,"1-5","0-5","0-20","0-1000","*",14,"11-20","6-20","0-20","0-1000","*",3,"1-5","0-5","0-20","0-1000","*",2,"1-5","0-5","0-20","0-1000","*"
"76","Fisher",0,"0","0-5","0-20","0-1000","*",0,"0","0-5","0-20","0-1000","*",0,"0","0-5","0-20","0-1000","*",2,"1-5","0-5","0-20","0-1000","*",0,"0","0-5","0-20","0-1000","*"
"77","Floyd",0,"0","0-5","0-20","0-1000","*",3,"1-5","0-5","0-20","0-1000","*",0,"0","0-5","0-20","0-1000","*",0,"0","0-5","0-20","0-1000","*",0,"0","0-5","0-20","0-1000","*"
"78","Foard",0,"0","0-5","0-20","0-1000","*",0,"0","0-5","0-20","0-1000","*",0,"0","0-5","0-20","0-1000","*",0,"0","0-5","0-20","0-1000","*",0,"0","0-5","0-20","0-1000","*"
"79","Fort Bend",167,"100-1000","51-1000","21-1000","0-1000","*",258,"100-1000","51-1000","21-1000","0-1000","*",264,"100-1000","51-1000","21-1000","0-1000","*",647,"100-1000","51-1000","21-1000","0-1000","*",23,"21-35","21-50","21-1000","0-1000","*"
"80","Franklin",0,"0","0-5","0-20","0-1000","*",0,"0","0-5","0-20","0-1000","*",3,"1-5","0-5","0-20","0-1000","*",1,"0","0-5","0-20","0-1000","*",0,"0","0-5","0-20","0-1000","*"
"81","Freestone",0,"0","0-5","0-20","0-1000","*",2,"1-5","0-5","0-20","0-1000","*",8,"6-10","6-20","0-20","0-1000","*",4,"1-5","0-5","0-20","0-1000","*",0,"0","0-5","0-20","0-1000","*"
"82","Frio",0,"0","0-5","0-20","0-1000","*",17,"11-20","6-20","0-20","0-1000","*",11,"11-20","6-20","0-20","0-1000","*",0,"0","0-5","0-20","0-1000","*",0,"0","0-5","0-20","0-1000","*"
"83","Gaines",0,"0","0-5","0-20","0-1000","*",1,"0","0-5","0-20","0-1000","*",0,"0","0-5","0-20","0-1000","*",0,"0","0-5","0-20","0-1000","*",0,"0","0-5","0-20","0-1000","*"
"84","Galveston",17,"11-20","6-20","0-20","0-1000","*",134,"100-1000","51-1000","21-1000","0-1000","*",252,"100-1000","51-1000","21-1000","0-1000","*",155,"100-1000","51-1000","21-1000","0-1000","*",5,"1-5","0-5","0-20","0-1000","*"
"85","Garza",0,"0","0-5","0-20","0-1000","*",0,"0","0-5","0-20","0-1000","*",0,"0","0-5","0-20","0-1000","*",0,"0","0-5","0-20","0-1000","*",0,"0","0-5","0-20","0-1000","*"
"86","Gillespie",0,"0","0-5","0-20","0-1000","*",7,"6-10","6-20","0-20","0-1000","*",8,"6-10","6-20","0-20","0-1000","*",0,"0","0-5","0-20","0-1000","*",0,"0","0-5","0-20","0-1000","*"
"87","Glasscock",0,"0","0-5","0-20","0-1000","*",0,"0","0-5","0-20","0-1000","*",0,"0","0-5","0-20","0-1000","*",0,"0","0-5","0-20","0-1000","*",0,"0","0-5","0-20","0-1000","*"
"88","Goliad",0,"0","0-5","0-20","0-1000","*",3,"1-5","0-5","0-20","0-1000","*",1,"0","0-5","0-20","0-1000","*",0,"0","0-5","0-20","0-1000","*",0,"0","0-5","0-20","0-1000","*"
"89","Gonzales",0,"0","0-5","0-20","0-1000","*",9,"6-10","6-20","0-20","0-1000","*",5,"1-5","0-5","0-20","0-1000","*",2,"1-5","0-5","0-20","0-1000","*",1,"0","0-5","0-20","0-1000","*"
"90","Gray",0,"0","0-5","0-20","0-1000","*",0,"0","0-5","0-20","0-1000","*",2,"1-5","0-5","0-20","0-1000","*",0,"0","0-5","0-20","0-1000","*",0,"0","0-5","0-20","0-1000","*"
"91","Grayson",2,"1-5","0-5","0-20","0-1000","*",23,"21-35","21-50","21-1000","0-1000","*",77,"51-100","51-1000","21-1000","0-1000","*",20,"11-20","6-20","0-20","0-1000","*",4,"1-5","0-5","0-20","0-1000","*"
"92","Gregg",1,"0","0-5","0-20","0-1000","*",26,"21-35","21-50","21-1000","0-1000","*",54,"51-100","51-1000","21-1000","0-1000","*",85,"51-100","51-1000","21-1000","0-1000","*",7,"6-10","6-20","0-20","0-1000","*"
"93","Grimes",0,"0","0-5","0-20","0-1000","*",3,"1-5","0-5","0-20","0-1000","*",23,"21-35","21-50","21-1000","0-1000","*",12,"11-20","6-20","0-20","0-1000","*",0,"0","0-5","0-20","0-1000","*"
"94","Guadalupe",7,"6-10","6-20","0-20","0-1000","*",80,"51-100","51-1000","21-1000","0-1000","*",84,"51-100","51-1000","21-1000","0-1000","*",30,"21-35","21-50","21-1000","0-1000","*",7,"6-10","6-20","0-20","0-1000","*"
"95","Hale",1,"0","0-5","0-20","0-1000","*",12,"11-20","6-20","0-20","0-1000","*",3,"1-5","0-5","0-20","0-1000","*",5,"1-5","0-5","0-20","0-1000","*",0,"0","0-5","0-20","0-1000","*"
"96","Hall",0,"0","0-5","0-20","0-1000","*",0,"0","0-5","0-20","0-1000","*",0,"0","0-5","0-20","0-1000","*",1,"0","0-5","0-20","0-1000","*",0,"0","0-5","0-20","0-1000","*"
"97","Hamilton",1,"0","0-5","0-20","0-1000","*",2,"1-5","0-5","0-20","0-1000","*",1,"0","0-5","0-20","0-1000","*",0,"0","0-5","0-20","0-1000","*",0,"0","0-5","0-20","0-1000","*"
"98","Hansford",0,"0","0-5","0-20","0-1000","*",0,"0","0-5","0-20","0-1000","*",0,"0","0-5","0-20","0-1000","*",0,"0","0-5","0-20","0-1000","*",0,"0","0-5","0-20","0-1000","*"
"99","Hardeman",0,"0","0-5","0-20","0-1000","*",3,"1-5","0-5","0-20","0-1000","*",2,"1-5","0-5","0-20","0-1000","*",0,"0","0-5","0-20","0-1000","*",0,"0","0-5","0-20","0-1000","*"
"100","Hardin",1,"0","0-5","0-20","0-1000","*",4,"1-5","0-5","0-20","0-1000","*",27,"21-35","21-50","21-1000","0-1000","*",13,"11-20","6-20","0-20","0-1000","*",0,"0","0-5","0-20","0-1000","*"
"101","Harris",516,"100-1000","51-1000","21-1000","0-1000","*",5215,"1000+","1000+","1000+","1000+","*",2640,"1000+","1000+","1000+","1000+","*",5618,"1000+","1000+","1000+","1000+","*",133,"100-1000","51-1000","21-1000","0-1000","*"
"102","Harrison",1,"0","0-5","0-20","0-1000","*",10,"6-10","6-20","0-20","0-1000","*",24,"21-35","21-50","21-1000","0-1000","*",34,"21-35","21-50","21-1000","0-1000","*",2,"1-5","0-5","0-20","0-1000","*"
"103","Hartley",0,"0","0-5","0-20","0-1000","*",1,"0","0-5","0-20","0-1000","*",0,"0","0-5","0-20","0-1000","*",0,"0","0-5","0-20","0-1000","*",0,"0","0-5","0-20","0-1000","*"
"104","Haskell",0,"0","0-5","0-20","0-1000","*",0,"0","0-5","0-20","0-1000","*",1,"0","0-5","0-20","0-1000","*",0,"0","0-5","0-20","0-1000","*",0,"0","0-5","0-20","0-1000","*"
"105","Hays",9,"6-10","6-20","0-20","0-1000","*",239,"100-1000","51-1000","21-1000","0-1000","*",239,"100-1000","51-1000","21-1000","0-1000","*",46,"36-50","21-50","21-1000","0-1000","*",33,"21-35","21-50","21-1000","0-1000","*"
"106","Hemphill",0,"0","0-5","0-20","0-1000","*",0,"0","0-5","0-20","0-1000","*",0,"0","0-5","0-20","0-1000","*",0,"0","0-5","0-20","0-1000","*",0,"0","0-5","0-20","0-1000","*"
"107","Henderson",2,"1-5","0-5","0-20","0-1000","*",12,"11-20","6-20","0-20","0-1000","*",36,"36-50","21-50","21-1000","0-1000","*",7,"6-10","6-20","0-20","0-1000","*",4,"1-5","0-5","0-20","0-1000","*"
"108","Hidalgo",7,"6-10","6-20","0-20","0-1000","*",787,"100-1000","51-1000","21-1000","0-1000","*",240,"100-1000","51-1000","21-1000","0-1000","*",13,"11-20","6-20","0-20","0-1000","*",3,"1-5","0-5","0-20","0-1000","*"
"109","Hill",0,"0","0-5","0-20","0-1000","*",12,"11-20","6-20","0-20","0-1000","*",18,"11-20","6-20","0-20","0-1000","*",5,"1-5","0-5","0-20","0-1000","*",0,"0","0-5","0-20","0-1000","*"
"110","Hockley",0,"0","0-5","0-20","0-1000","*",5,"1-5","0-5","0-20","0-1000","*",5,"1-5","0-5","0-20","0-1000","*",0,"0","0-5","0-20","0-1000","*",0,"0","0-5","0-20","0-1000","*"
"111","Hood",1,"0","0-5","0-20","0-1000","*",3,"1-5","0-5","0-20","0-1000","*",23,"21-35","21-50","21-1000","0-1000","*",0,"0","0-5","0-20","0-1000","*",0,"0","0-5","0-20","0-1000","*"
"112","Hopkins",0,"0","0-5","0-20","0-1000","*",2,"1-5","0-5","0-20","0-1000","*",16,"11-20","6-20","0-20","0-1000","*",3,"1-5","0-5","0-20","0-1000","*",0,"0","0-5","0-20","0-1000","*"
"113","Houston",0,"0","0-5","0-20","0-1000","*",2,"1-5","0-5","0-20","0-1000","*",5,"1-5","0-5","0-20","0-1000","*",7,"6-10","6-20","0-20","0-1000","*",0,"0","0-5","0-20","0-1000","*"
"114","Howard",0,"0","0-5","0-20","0-1000","*",6,"6-10","6-20","0-20","0-1000","*",10,"6-10","6-20","0-20","0-1000","*",4,"1-5","0-5","0-20","0-1000","*",1,"0","0-5","0-20","0-1000","*"
"115","Hudspeth",0,"0","0-5","0-20","0-1000","*",0,"0","0-5","0-20","0-1000","*",0,"0","0-5","0-20","0-1000","*",0,"0","0-5","0-20","0-1000","*",0,"0","0-5","0-20","0-1000","*"
"116","Hunt",1,"0","0-5","0-20","0-1000","*",16,"11-20","6-20","0-20","0-1000","*",48,"36-50","21-50","21-1000","0-1000","*",28,"21-35","21-50","21-1000","0-1000","*",4,"1-5","0-5","0-20","0-1000","*"
"117","Hutchinson",0,"0","0-5","0-20","0-1000","*",1,"0","0-5","0-20","0-1000","*",1,"0","0-5","0-20","0-1000","*",1,"0","0-5","0-20","0-1000","*",0,"0","0-5","0-20","0-1000","*"
"118","Irion",0,"0","0-5","0-20","0-1000","*",1,"0","0-5","0-20","0-1000","*",2,"1-5","0-5","0-20","0-1000","*",0,"0","0-5","0-20","0-1000","*",0,"0","0-5","0-20","0-1000","*"
"119","Jack",0,"0","0-5","0-20","0-1000","*",0,"0","0-5","0-20","0-1000","*",3,"1-5","0-5","0-20","0-1000","*",0,"0","0-5","0-20","0-1000","*",0,"0","0-5","0-20","0-1000","*"
"120","Jackson",0,"0","0-5","0-20","0-1000","*",1,"0","0-5","0-20","0-1000","*",7,"6-10","6-20","0-20","0-1000","*",6,"6-10","6-20","0-20","0-1000","*",0,"0","0-5","0-20","0-1000","*"
"121","Jasper",0,"0","0-5","0-20","0-1000","*",4,"1-5","0-5","0-20","0-1000","*",12,"11-20","6-20","0-20","0-1000","*",16,"11-20","6-20","0-20","0-1000","*",0,"0","0-5","0-20","0-1000","*"
"122","Jeff Davis",0,"0","0-5","0-20","0-1000","*",0,"0","0-5","0-20","0-1000","*",0,"0","0-5","0-20","0-1000","*",0,"0","0-5","0-20","0-1000","*",0,"0","0-5","0-20","0-1000","*"
"123","Jefferson",13,"11-20","6-20","0-20","0-1000","*",69,"51-100","51-1000","21-1000","0-1000","*",116,"100-1000","51-1000","21-1000","0-1000","*",292,"100-1000","51-1000","21-1000","0-1000","*",2,"1-5","0-5","0-20","0-1000","*"
"124","Jim Hogg",0,"0","0-5","0-20","0-1000","*",6,"6-10","6-20","0-20","0-1000","*",1,"0","0-5","0-20","0-1000","*",0,"0","0-5","0-20","0-1000","*",0,"0","0-5","0-20","0-1000","*"
"125","Jim Wells",0,"0","0-5","0-20","0-1000","*",28,"21-35","21-50","21-1000","0-1000","*",10,"6-10","6-20","0-20","0-1000","*",1,"0","0-5","0-20","0-1000","*",1,"0","0-5","0-20","0-1000","*"
"126","Johnson",1,"0","0-5","0-20","0-1000","*",38,"36-50","21-50","21-1000","0-1000","*",97,"51-100","51-1000","21-1000","0-1000","*",29,"21-35","21-50","21-1000","0-1000","*",4,"1-5","0-5","0-20","0-1000","*"
"127","Jones",1,"0","0-5","0-20","0-1000","*",5,"1-5","0-5","0-20","0-1000","*",1,"0","0-5","0-20","0-1000","*",2,"1-5","0-5","0-20","0-1000","*",0,"0","0-5","0-20","0-1000","*"
"128","Karnes",0,"0","0-5","0-20","0-1000","*",9,"6-10","6-20","0-20","0-1000","*",1,"0","0-5","0-20","0-1000","*",0,"0","0-5","0-20","0-1000","*",0,"0","0-5","0-20","0-1000","*"
"129","Kaufman",7,"6-10","6-20","0-20","0-1000","*",57,"51-100","51-1000","21-1000","0-1000","*",77,"51-100","51-1000","21-1000","0-1000","*",98,"51-100","51-1000","21-1000","0-1000","*",7,"6-10","6-20","0-20","0-1000","*"
"130","Kendall",1,"0","0-5","0-20","0-1000","*",12,"11-20","6-20","0-20","0-1000","*",14,"11-20","6-20","0-20","0-1000","*",2,"1-5","0-5","0-20","0-1000","*",0,"0","0-5","0-20","0-1000","*"
"131","Kenedy",0,"0","0-5","0-20","0-1000","*",0,"0","0-5","0-20","0-1000","*",0,"0","0-5","0-20","0-1000","*",0,"0","0-5","0-20","0-1000","*",0,"0","0-5","0-20","0-1000","*"
"132","Kent",0,"0","0-5","0-20","0-1000","*",0,"0","0-5","0-20","0-1000","*",0,"0","0-5","0-20","0-1000","*",0,"0","0-5","0-20","0-1000","*",0,"0","0-5","0-20","0-1000","*"
"133","Kerr",0,"0","0-5","0-20","0-1000","*",17,"11-20","6-20","0-20","0-1000","*",32,"21-35","21-50","21-1000","0-1000","*",2,"1-5","0-5","0-20","0-1000","*",0,"0","0-5","0-20","0-1000","*"
"134","Kimble",0,"0","0-5","0-20","0-1000","*",2,"1-5","0-5","0-20","0-1000","*",1,"0","0-5","0-20","0-1000","*",2,"1-5","0-5","0-20","0-1000","*",0,"0","0-5","0-20","0-1000","*"
"135","King",0,"0","0-5","0-20","0-1000","*",0,"0","0-5","0-20","0-1000","*",0,"0","0-5","0-20","0-1000","*",0,"0","0-5","0-20","0-1000","*",0,"0","0-5","0-20","0-1000","*"
"136","Kinney",0,"0","0-5","0-20","0-1000","*",2,"1-5","0-5","0-20","0-1000","*",0,"0","0-5","0-20","0-1000","*",0,"0","0-5","0-20","0-1000","*",0,"0","0-5","0-20","0-1000","*"
"137","Kleberg",0,"0","0-5","0-20","0-1000","*",29,"21-35","21-50","21-1000","0-1000","*",15,"11-20","6-20","0-20","0-1000","*",3,"1-5","0-5","0-20","0-1000","*",2,"1-5","0-5","0-20","0-1000","*"
"138","Knox",0,"0","0-5","0-20","0-1000","*",0,"0","0-5","0-20","0-1000","*",2,"1-5","0-5","0-20","0-1000","*",0,"0","0-5","0-20","0-1000","*",0,"0","0-5","0-20","0-1000","*"
"139","La Salle",0,"0","0-5","0-20","0-1000","*",8,"6-10","6-20","0-20","0-1000","*",2,"1-5","0-5","0-20","0-1000","*",0,"0","0-5","0-20","0-1000","*",0,"0","0-5","0-20","0-1000","*"
"140","Lamar",0,"0","0-5","0-20","0-1000","*",4,"1-5","0-5","0-20","0-1000","*",13,"11-20","6-20","0-20","0-1000","*",18,"11-20","6-20","0-20","0-1000","*",1,"0","0-5","0-20","0-1000","*"
"141","Lamb",1,"0","0-5","0-20","0-1000","*",2,"1-5","0-5","0-20","0-1000","*",0,"0","0-5","0-20","0-1000","*",0,"0","0-5","0-20","0-1000","*",0,"0","0-5","0-20","0-1000","*"
"142","Lampasas",0,"0","0-5","0-20","0-1000","*",4,"1-5","0-5","0-20","0-1000","*",9,"6-10","6-20","0-20","0-1000","*",1,"0","0-5","0-20","0-1000","*",0,"0","0-5","0-20","0-1000","*"
"143","Lavaca",0,"0","0-5","0-20","0-1000","*",4,"1-5","0-5","0-20","0-1000","*",4,"1-5","0-5","0-20","0-1000","*",1,"0","0-5","0-20","0-1000","*",0,"0","0-5","0-20","0-1000","*"
"144","Lee",0,"0","0-5","0-20","0-1000","*",11,"11-20","6-20","0-20","0-1000","*",5,"1-5","0-5","0-20","0-1000","*",3,"1-5","0-5","0-20","0-1000","*",3,"1-5","0-5","0-20","0-1000","*"
"145","Leon",0,"0","0-5","0-20","0-1000","*",1,"0","0-5","0-20","0-1000","*",4,"1-5","0-5","0-20","0-1000","*",5,"1-5","0-5","0-20","0-1000","*",0,"0","0-5","0-20","0-1000","*"
"146","Liberty",1,"0","0-5","0-20","0-1000","*",45,"36-50","21-50","21-1000","0-1000","*",55,"51-100","51-1000","21-1000","0-1000","*",16,"11-20","6-20","0-20","0-1000","*",0,"0","0-5","0-20","0-1000","*"
"147","Limestone",3,"1-5","0-5","0-20","0-1000","*",3,"1-5","0-5","0-20","0-1000","*",9,"6-10","6-20","0-20","0-1000","*",8,"6-10","6-20","0-20","0-1000","*",0,"0","0-5","0-20","0-1000","*"
"148","Lipscomb",0,"0","0-5","0-20","0-1000","*",0,"0","0-5","0-20","0-1000","*",0,"0","0-5","0-20","0-1000","*",0,"0","0-5","0-20","0-1000","*",0,"0","0-5","0-20","0-1000","*"
"149","Live Oak",0,"0","0-5","0-20","0-1000","*",6,"6-10","6-20","0-20","0-1000","*",4,"1-5","0-5","0-20","0-1000","*",1,"0","0-5","0-20","0-1000","*",0,"0","0-5","0-20","0-1000","*"
"150","Llano",0,"0","0-5","0-20","0-1000","*",3,"1-5","0-5","0-20","0-1000","*",14,"11-20","6-20","0-20","0-1000","*",0,"0","0-5","0-20","0-1000","*",0,"0","0-5","0-20","0-1000","*"
"151","Loving",1,"0","0-5","0-20","0-1000","*",0,"0","0-5","0-20","0-1000","*",0,"0","0-5","0-20","0-1000","*",0,"0","0-5","0-20","0-1000","*",0,"0","0-5","0-20","0-1000","*"
"152","Lubbock",6,"6-10","6-20","0-20","0-1000","*",64,"51-100","51-1000","21-1000","0-1000","*",65,"51-100","51-1000","21-1000","0-1000","*",35,"21-35","21-50","21-1000","0-1000","*",4,"1-5","0-5","0-20","0-1000","*"
"153","Lynn",0,"0","0-5","0-20","0-1000","*",0,"0","0-5","0-20","0-1000","*",1,"0","0-5","0-20","0-1000","*",0,"0","0-5","0-20","0-1000","*",0,"0","0-5","0-20","0-1000","*"
"154","Madison",0,"0","0-5","0-20","0-1000","*",2,"1-5","0-5","0-20","0-1000","*",6,"6-10","6-20","0-20","0-1000","*",7,"6-10","6-20","0-20","0-1000","*",0,"0","0-5","0-20","0-1000","*"
"155","Marion",0,"0","0-5","0-20","0-1000","*",0,"0","0-5","0-20","0-1000","*",5,"1-5","0-5","0-20","0-1000","*",3,"1-5","0-5","0-20","0-1000","*",0,"0","0-5","0-20","0-1000","*"
"156","Martin",0,"0","0-5","0-20","0-1000","*",3,"1-5","0-5","0-20","0-1000","*",0,"0","0-5","0-20","0-1000","*",0,"0","0-5","0-20","0-1000","*",1,"0","0-5","0-20","0-1000","*"
"157","Mason",0,"0","0-5","0-20","0-1000","*",1,"0","0-5","0-20","0-1000","*",3,"1-5","0-5","0-20","0-1000","*",0,"0","0-5","0-20","0-1000","*",0,"0","0-5","0-20","0-1000","*"
"158","Matagorda",1,"0","0-5","0-20","0-1000","*",13,"11-20","6-20","0-20","0-1000","*",17,"11-20","6-20","0-20","0-1000","*",12,"11-20","6-20","0-20","0-1000","*",3,"1-5","0-5","0-20","0-1000","*"
"159","Maverick",0,"0","0-5","0-20","0-1000","*",46,"36-50","21-50","21-1000","0-1000","*",9,"6-10","6-20","0-20","0-1000","*",2,"1-5","0-5","0-20","0-1000","*",3,"1-5","0-5","0-20","0-1000","*"
"160","McCulloch",0,"0","0-5","0-20","0-1000","*",0,"0","0-5","0-20","0-1000","*",3,"1-5","0-5","0-20","0-1000","*",2,"1-5","0-5","0-20","0-1000","*",0,"0","0-5","0-20","0-1000","*"
"161","McLennan",7,"6-10","6-20","0-20","0-1000","*",114,"100-1000","51-1000","21-1000","0-1000","*",99,"51-100","51-1000","21-1000","0-1000","*",87,"51-100","51-1000","21-1000","0-1000","*",6,"6-10","6-20","0-20","0-1000","*"
"162","McMullen",0,"0","0-5","0-20","0-1000","*",0,"0","0-5","0-20","0-1000","*",0,"0","0-5","0-20","0-1000","*",0,"0","0-5","0-20","0-1000","*",0,"0","0-5","0-20","0-1000","*"
"163","Medina",3,"1-5","0-5","0-20","0-1000","*",27,"21-35","21-50","21-1000","0-1000","*",16,"11-20","6-20","0-20","0-1000","*",1,"0","0-5","0-20","0-1000","*",1,"0","0-5","0-20","0-1000","*"
"164","Menard",0,"0","0-5","0-20","0-1000","*",0,"0","0-5","0-20","0-1000","*",3,"1-5","0-5","0-20","0-1000","*",0,"0","0-5","0-20","0-1000","*",0,"0","0-5","0-20","0-1000","*"
"165","Midland",2,"1-5","0-5","0-20","0-1000","*",76,"51-100","51-1000","21-1000","0-1000","*",40,"36-50","21-50","21-1000","0-1000","*",30,"21-35","21-50","21-1000","0-1000","*",1,"0","0-5","0-20","0-1000","*"
"166","Milam",0,"0","0-5","0-20","0-1000","*",8,"6-10","6-20","0-20","0-1000","*",9,"6-10","6-20","0-20","0-1000","*",5,"1-5","0-5","0-20","0-1000","*",1,"0","0-5","0-20","0-1000","*"
"167","Mills",0,"0","0-5","0-20","0-1000","*",1,"0","0-5","0-20","0-1000","*",0,"0","0-5","0-20","0-1000","*",0,"0","0-5","0-20","0-1000","*",0,"0","0-5","0-20","0-1000","*"
"168","Mitchell",0,"0","0-5","0-20","0-1000","*",3,"1-5","0-5","0-20","0-1000","*",2,"1-5","0-5","0-20","0-1000","*",0,"0","0-5","0-20","0-1000","*",0,"0","0-5","0-20","0-1000","*"
"169","Montague",0,"0","0-5","0-20","0-1000","*",4,"1-5","0-5","0-20","0-1000","*",9,"6-10","6-20","0-20","0-1000","*",3,"1-5","0-5","0-20","0-1000","*",1,"0","0-5","0-20","0-1000","*"
"170","Montgomery",17,"11-20","6-20","0-20","0-1000","*",219,"100-1000","51-1000","21-1000","0-1000","*",385,"100-1000","51-1000","21-1000","0-1000","*",134,"100-1000","51-1000","21-1000","0-1000","*",4,"1-5","0-5","0-20","0-1000","*"
"171","Moore",0,"0","0-5","0-20","0-1000","*",3,"1-5","0-5","0-20","0-1000","*",2,"1-5","0-5","0-20","0-1000","*",0,"0","0-5","0-20","0-1000","*",0,"0","0-5","0-20","0-1000","*"
"172","Morris",0,"0","0-5","0-20","0-1000","*",1,"0","0-5","0-20","0-1000","*",4,"1-5","0-5","0-20","0-1000","*",4,"1-5","0-5","0-20","0-1000","*",3,"1-5","0-5","0-20","0-1000","*"
"173","Motley",0,"0","0-5","0-20","0-1000","*",0,"0","0-5","0-20","0-1000","*",0,"0","0-5","0-20","0-1000","*",0,"0","0-5","0-20","0-1000","*",0,"0","0-5","0-20","0-1000","*"
"174","Nacogdoches",0,"0","0-5","0-20","0-1000","*",16,"11-20","6-20","0-20","0-1000","*",29,"21-35","21-50","21-1000","0-1000","*",32,"21-35","21-50","21-1000","0-1000","*",1,"0","0-5","0-20","0-1000","*"
"175","Navarro",0,"0","0-5","0-20","0-1000","*",21,"21-35","21-50","21-1000","0-1000","*",16,"11-20","6-20","0-20","0-1000","*",22,"21-35","21-50","21-1000","0-1000","*",1,"0","0-5","0-20","0-1000","*"
"176","Newton",0,"0","0-5","0-20","0-1000","*",0,"0","0-5","0-20","0-1000","*",4,"1-5","0-5","0-20","0-1000","*",7,"6-10","6-20","0-20","0-1000","*",1,"0","0-5","0-20","0-1000","*"
"177","Nolan",0,"0","0-5","0-20","0-1000","*",1,"0","0-5","0-20","0-1000","*",3,"1-5","0-5","0-20","0-1000","*",0,"0","0-5","0-20","0-1000","*",0,"0","0-5","0-20","0-1000","*"
"178","Nueces",8,"6-10","6-20","0-20","0-1000","*",340,"100-1000","51-1000","21-1000","0-1000","*",181,"100-1000","51-1000","21-1000","0-1000","*",32,"21-35","21-50","21-1000","0-1000","*",14,"11-20","6-20","0-20","0-1000","*"
"179","Ochiltree",0,"0","0-5","0-20","0-1000","*",1,"0","0-5","0-20","0-1000","*",1,"0","0-5","0-20","0-1000","*",0,"0","0-5","0-20","0-1000","*",0,"0","0-5","0-20","0-1000","*"
"180","Oldham",0,"0","0-5","0-20","0-1000","*",0,"0","0-5","0-20","0-1000","*",0,"0","0-5","0-20","0-1000","*",0,"0","0-5","0-20","0-1000","*",0,"0","0-5","0-20","0-1000","*"
"181","Orange",1,"0","0-5","0-20","0-1000","*",10,"6-10","6-20","0-20","0-1000","*",63,"51-100","51-1000","21-1000","0-1000","*",29,"21-35","21-50","21-1000","0-1000","*",3,"1-5","0-5","0-20","0-1000","*"
"182","Palo Pinto",0,"0","0-5","0-20","0-1000","*",3,"1-5","0-5","0-20","0-1000","*",12,"11-20","6-20","0-20","0-1000","*",0,"0","0-5","0-20","0-1000","*",1,"0","0-5","0-20","0-1000","*"
"183","Panola",0,"0","0-5","0-20","0-1000","*",1,"0","0-5","0-20","0-1000","*",6,"6-10","6-20","0-20","0-1000","*",6,"6-10","6-20","0-20","0-1000","*",1,"0","0-5","0-20","0-1000","*"
"184","Parker",1,"0","0-5","0-20","0-1000","*",15,"11-20","6-20","0-20","0-1000","*",74,"51-100","51-1000","21-1000","0-1000","*",4,"1-5","0-5","0-20","0-1000","*",1,"0","0-5","0-20","0-1000","*"
"185","Parmer",0,"0","0-5","0-20","0-1000","*",0,"0","0-5","0-20","0-1000","*",0,"0","0-5","0-20","0-1000","*",0,"0","0-5","0-20","0-1000","*",0,"0","0-5","0-20","0-1000","*"
"186","Pecos",0,"0","0-5","0-20","0-1000","*",7,"6-10","6-20","0-20","0-1000","*",2,"1-5","0-5","0-20","0-1000","*",1,"0","0-5","0-20","0-1000","*",0,"0","0-5","0-20","0-1000","*"
"187","Polk",2,"1-5","0-5","0-20","0-1000","*",16,"11-20","6-20","0-20","0-1000","*",17,"11-20","6-20","0-20","0-1000","*",4,"1-5","0-5","0-20","0-1000","*",1,"0","0-5","0-20","0-1000","*"
"188","Potter",0,"0","0-5","0-20","0-1000","*",8,"6-10","6-20","0-20","0-1000","*",10,"6-10","6-20","0-20","0-1000","*",3,"1-5","0-5","0-20","0-1000","*",0,"0","0-5","0-20","0-1000","*"
"189","Presidio",0,"0","0-5","0-20","0-1000","*",1,"0","0-5","0-20","0-1000","*",3,"1-5","0-5","0-20","0-1000","*",0,"0","0-5","0-20","0-1000","*",0,"0","0-5","0-20","0-1000","*"
"190","Rains",0,"0","0-5","0-20","0-1000","*",1,"0","0-5","0-20","0-1000","*",5,"1-5","0-5","0-20","0-1000","*",1,"0","0-5","0-20","0-1000","*",0,"0","0-5","0-20","0-1000","*"
"191","Randall",0,"0","0-5","0-20","0-1000","*",8,"6-10","6-20","0-20","0-1000","*",3,"1-5","0-5","0-20","0-1000","*",0,"0","0-5","0-20","0-1000","*",0,"0","0-5","0-20","0-1000","*"
"192","Reagan",0,"0","0-5","0-20","0-1000","*",2,"1-5","0-5","0-20","0-1000","*",1,"0","0-5","0-20","0-1000","*",0,"0","0-5","0-20","0-1000","*",0,"0","0-5","0-20","0-1000","*"
"193","Real",0,"0","0-5","0-20","0-1000","*",0,"0","0-5","0-20","0-1000","*",4,"1-5","0-5","0-20","0-1000","*",0,"0","0-5","0-20","0-1000","*",0,"0","0-5","0-20","0-1000","*"
"194","Red River",2,"1-5","0-5","0-20","0-1000","*",0,"0","0-5","0-20","0-1000","*",4,"1-5","0-5","0-20","0-1000","*",2,"1-5","0-5","0-20","0-1000","*",1,"0","0-5","0-20","0-1000","*"
"195","Reeves",0,"0","0-5","0-20","0-1000","*",3,"1-5","0-5","0-20","0-1000","*",1,"0","0-5","0-20","0-1000","*",0,"0","0-5","0-20","0-1000","*",0,"0","0-5","0-20","0-1000","*"
"196","Refugio",0,"0","0-5","0-20","0-1000","*",4,"1-5","0-5","0-20","0-1000","*",1,"0","0-5","0-20","0-1000","*",0,"0","0-5","0-20","0-1000","*",0,"0","0-5","0-20","0-1000","*"
"197","Roberts",0,"0","0-5","0-20","0-1000","*",0,"0","0-5","0-20","0-1000","*",0,"0","0-5","0-20","0-1000","*",0,"0","0-5","0-20","0-1000","*",0,"0","0-5","0-20","0-1000","*"
"198","Robertson",0,"0","0-5","0-20","0-1000","*",2,"1-5","0-5","0-20","0-1000","*",9,"6-10","6-20","0-20","0-1000","*",6,"6-10","6-20","0-20","0-1000","*",0,"0","0-5","0-20","0-1000","*"
"199","Rockwall",5,"1-5","0-5","0-20","0-1000","*",21,"21-35","21-50","21-1000","0-1000","*",59,"51-100","51-1000","21-1000","0-1000","*",29,"21-35","21-50","21-1000","0-1000","*",4,"1-5","0-5","0-20","0-1000","*"
"200","Runnels",0,"0","0-5","0-20","0-1000","*",2,"1-5","0-5","0-20","0-1000","*",3,"1-5","0-5","0-20","0-1000","*",0,"0","0-5","0-20","0-1000","*",0,"0","0-5","0-20","0-1000","*"
"201","Rusk",0,"0","0-5","0-20","0-1000","*",3,"1-5","0-5","0-20","0-1000","*",20,"11-20","6-20","0-20","0-1000","*",9,"6-10","6-20","0-20","0-1000","*",1,"0","0-5","0-20","0-1000","*"
"202","Sabine",0,"0","0-5","0-20","0-1000","*",2,"1-5","0-5","0-20","0-1000","*",3,"1-5","0-5","0-20","0-1000","*",4,"1-5","0-5","0-20","0-1000","*",0,"0","0-5","0-20","0-1000","*"
"203","San Augustine",0,"0","0-5","0-20","0-1000","*",0,"0","0-5","0-20","0-1000","*",6,"6-10","6-20","0-20","0-1000","*",2,"1-5","0-5","0-20","0-1000","*",0,"0","0-5","0-20","0-1000","*"
"204","San Jacinto",0,"0","0-5","0-20","0-1000","*",6,"6-10","6-20","0-20","0-1000","*",12,"11-20","6-20","0-20","0-1000","*",4,"1-5","0-5","0-20","0-1000","*",0,"0","0-5","0-20","0-1000","*"
"205","San Patricio",2,"1-5","0-5","0-20","0-1000","*",49,"36-50","21-50","21-1000","0-1000","*",23,"21-35","21-50","21-1000","0-1000","*",1,"0","0-5","0-20","0-1000","*",0,"0","0-5","0-20","0-1000","*"
"206","San Saba",0,"0","0-5","0-20","0-1000","*",1,"0","0-5","0-20","0-1000","*",1,"0","0-5","0-20","0-1000","*",0,"0","0-5","0-20","0-1000","*",0,"0","0-5","0-20","0-1000","*"
"207","Schleicher",0,"0","0-5","0-20","0-1000","*",0,"0","0-5","0-20","0-1000","*",0,"0","0-5","0-20","0-1000","*",0,"0","0-5","0-20","0-1000","*",0,"0","0-5","0-20","0-1000","*"
"208","Scurry",0,"0","0-5","0-20","0-1000","*",3,"1-5","0-5","0-20","0-1000","*",7,"6-10","6-20","0-20","0-1000","*",0,"0","0-5","0-20","0-1000","*",0,"0","0-5","0-20","0-1000","*"
"209","Shackelford",0,"0","0-5","0-20","0-1000","*",1,"0","0-5","0-20","0-1000","*",3,"1-5","0-5","0-20","0-1000","*",0,"0","0-5","0-20","0-1000","*",0,"0","0-5","0-20","0-1000","*"
"210","Shelby",0,"0","0-5","0-20","0-1000","*",7,"6-10","6-20","0-20","0-1000","*",8,"6-10","6-20","0-20","0-1000","*",11,"11-20","6-20","0-20","0-1000","*",2,"1-5","0-5","0-20","0-1000","*"
"211","Sherman",0,"0","0-5","0-20","0-1000","*",0,"0","0-5","0-20","0-1000","*",0,"0","0-5","0-20","0-1000","*",0,"0","0-5","0-20","0-1000","*",1,"0","0-5","0-20","0-1000","*"
"212","Smith",7,"6-10","6-20","0-20","0-1000","*",49,"36-50","21-50","21-1000","0-1000","*",130,"100-1000","51-1000","21-1000","0-1000","*",110,"100-1000","51-1000","21-1000","0-1000","*",9,"6-10","6-20","0-20","0-1000","*"
"213","Somervell",0,"0","0-5","0-20","0-1000","*",3,"1-5","0-5","0-20","0-1000","*",3,"1-5","0-5","0-20","0-1000","*",0,"0","0-5","0-20","0-1000","*",1,"0","0-5","0-20","0-1000","*"
"214","Starr",0,"0","0-5","0-20","0-1000","*",38,"36-50","21-50","21-1000","0-1000","*",16,"11-20","6-20","0-20","0-1000","*",0,"0","0-5","0-20","0-1000","*",0,"0","0-5","0-20","0-1000","*"
"215","Stephens",0,"0","0-5","0-20","0-1000","*",1,"0","0-5","0-20","0-1000","*",1,"0","0-5","0-20","0-1000","*",0,"0","0-5","0-20","0-1000","*",0,"0","0-5","0-20","0-1000","*"
"216","Sterling",0,"0","0-5","0-20","0-1000","*",1,"0","0-5","0-20","0-1000","*",0,"0","0-5","0-20","0-1000","*",0,"0","0-5","0-20","0-1000","*",0,"0","0-5","0-20","0-1000","*"
"217","Stonewall",0,"0","0-5","0-20","0-1000","*",0,"0","0-5","0-20","0-1000","*",1,"0","0-5","0-20","0-1000","*",0,"0","0-5","0-20","0-1000","*",0,"0","0-5","0-20","0-1000","*"
"218","Sutton",0,"0","0-5","0-20","0-1000","*",1,"0","0-5","0-20","0-1000","*",2,"1-5","0-5","0-20","0-1000","*",0,"0","0-5","0-20","0-1000","*",0,"0","0-5","0-20","0-1000","*"
"219","Swisher",0,"0","0-5","0-20","0-1000","*",1,"0","0-5","0-20","0-1000","*",0,"0","0-5","0-20","0-1000","*",0,"0","0-5","0-20","0-1000","*",0,"0","0-5","0-20","0-1000","*"
"220","Tarrant",202,"100-1000","51-1000","21-1000","0-1000","*",1153,"1000+","1000+","1000+","1000+","*",1056,"1000+","1000+","1000+","1000+","*",1750,"1000+","1000+","1000+","1000+","*",61,"51-100","51-1000","21-1000","0-1000","*"
"221","Taylor",0,"0","0-5","0-20","0-1000","*",34,"21-35","21-50","21-1000","0-1000","*",63,"51-100","51-1000","21-1000","0-1000","*",32,"21-35","21-50","21-1000","0-1000","*",4,"1-5","0-5","0-20","0-1000","*"
"222","Terrell",0,"0","0-5","0-20","0-1000","*",2,"1-5","0-5","0-20","0-1000","*",2,"1-5","0-5","0-20","0-1000","*",1,"0","0-5","0-20","0-1000","*",0,"0","0-5","0-20","0-1000","*"
"223","Terry",0,"0","0-5","0-20","0-1000","*",0,"0","0-5","0-20","0-1000","*",0,"0","0-5","0-20","0-1000","*",0,"0","0-5","0-20","0-1000","*",0,"0","0-5","0-20","0-1000","*"
"224","Throckmorton",0,"0","0-5","0-20","0-1000","*",0,"0","0-5","0-20","0-1000","*",0,"0","0-5","0-20","0-1000","*",0,"0","0-5","0-20","0-1000","*",0,"0","0-5","0-20","0-1000","*"
"225","Titus",1,"0","0-5","0-20","0-1000","*",13,"11-20","6-20","0-20","0-1000","*",9,"6-10","6-20","0-20","0-1000","*",5,"1-5","0-5","0-20","0-1000","*",0,"0","0-5","0-20","0-1000","*"
"226","Tom Green",4,"1-5","0-5","0-20","0-1000","*",38,"36-50","21-50","21-1000","0-1000","*",37,"36-50","21-50","21-1000","0-1000","*",7,"6-10","6-20","0-20","0-1000","*",2,"1-5","0-5","0-20","0-1000","*"
"227","Travis",218,"100-1000","51-1000","21-1000","0-1000","*",1122,"1000+","1000+","1000+","1000+","*",1252,"1000+","1000+","1000+","1000+","*",499,"100-1000","51-1000","21-1000","0-1000","*",249,"100-1000","51-1000","21-1000","0-1000","*"
"228","Trinity",0,"0","0-5","0-20","0-1000","*",2,"1-5","0-5","0-20","0-1000","*",5,"1-5","0-5","0-20","0-1000","*",1,"0","0-5","0-20","0-1000","*",0,"0","0-5","0-20","0-1000","*"
"229","Tyler",0,"0","0-5","0-20","0-1000","*",3,"1-5","0-5","0-20","0-1000","*",14,"11-20","6-20","0-20","0-1000","*",6,"6-10","6-20","0-20","0-1000","*",0,"0","0-5","0-20","0-1000","*"
"230","Upshur",0,"0","0-5","0-20","0-1000","*",2,"1-5","0-5","0-20","0-1000","*",7,"6-10","6-20","0-20","0-1000","*",4,"1-5","0-5","0-20","0-1000","*",1,"0","0-5","0-20","0-1000","*"
"231","Upton",0,"0","0-5","0-20","0-1000","*",3,"1-5","0-5","0-20","0-1000","*",0,"0","0-5","0-20","0-1000","*",0,"0","0-5","0-20","0-1000","*",0,"0","0-5","0-20","0-1000","*"
"232","Uvalde",0,"0","0-5","0-20","0-1000","*",21,"21-35","21-50","21-1000","0-1000","*",15,"11-20","6-20","0-20","0-1000","*",0,"0","0-5","0-20","0-1000","*",1,"0","0-5","0-20","0-1000","*"
"233","Val Verde",0,"0","0-5","0-20","0-1000","*",38,"36-50","21-50","21-1000","0-1000","*",25,"21-35","21-50","21-1000","0-1000","*",1,"0","0-5","0-20","0-1000","*",0,"0","0-5","0-20","0-1000","*"
"234","Van Zandt",0,"0","0-5","0-20","0-1000","*",12,"11-20","6-20","0-20","0-1000","*",32,"21-35","21-50","21-1000","0-1000","*",1,"0","0-5","0-20","0-1000","*",4,"1-5","0-5","0-20","0-1000","*"
"235","Victoria",1,"0","0-5","0-20","0-1000","*",54,"51-100","51-1000","21-1000","0-1000","*",39,"36-50","21-50","21-1000","0-1000","*",20,"11-20","6-20","0-20","0-1000","*",2,"1-5","0-5","0-20","0-1000","*"
"236","Walker",3,"1-5","0-5","0-20","0-1000","*",14,"11-20","6-20","0-20","0-1000","*",33,"21-35","21-50","21-1000","0-1000","*",52,"51-100","51-1000","21-1000","0-1000","*",1,"0","0-5","0-20","0-1000","*"
"237","Waller",3,"1-5","0-5","0-20","0-1000","*",23,"21-35","21-50","21-1000","0-1000","*",28,"21-35","21-50","21-1000","0-1000","*",36,"36-50","21-50","21-1000","0-1000","*",0,"0","0-5","0-20","0-1000","*"
"238","Ward",0,"0","0-5","0-20","0-1000","*",0,"0","0-5","0-20","0-1000","*",2,"1-5","0-5","0-20","0-1000","*",0,"0","0-5","0-20","0-1000","*",0,"0","0-5","0-20","0-1000","*"
"239","Washington",2,"1-5","0-5","0-20","0-1000","*",10,"6-10","6-20","0-20","0-1000","*",13,"11-20","6-20","0-20","0-1000","*",17,"11-20","6-20","0-20","0-1000","*",0,"0","0-5","0-20","0-1000","*"
"240","Webb",0,"0","0-5","0-20","0-1000","*",230,"100-1000","51-1000","21-1000","0-1000","*",58,"51-100","51-1000","21-1000","0-1000","*",5,"1-5","0-5","0-20","0-1000","*",3,"1-5","0-5","0-20","0-1000","*"
"241","Wharton",2,"1-5","0-5","0-20","0-1000","*",26,"21-35","21-50","21-1000","0-1000","*",22,"21-35","21-50","21-1000","0-1000","*",14,"11-20","6-20","0-20","0-1000","*",0,"0","0-5","0-20","0-1000","*"
"242","Wheeler",0,"0","0-5","0-20","0-1000","*",0,"0","0-5","0-20","0-1000","*",1,"0","0-5","0-20","0-1000","*",0,"0","0-5","0-20","0-1000","*",0,"0","0-5","0-20","0-1000","*"
"243","Wichita",3,"1-5","0-5","0-20","0-1000","*",36,"36-50","21-50","21-1000","0-1000","*",30,"21-35","21-50","21-1000","0-1000","*",28,"21-35","21-50","21-1000","0-1000","*",3,"1-5","0-5","0-20","0-1000","*"
"244","Wilbarger",0,"0","0-5","0-20","0-1000","*",1,"0","0-5","0-20","0-1000","*",1,"0","0-5","0-20","0-1000","*",4,"1-5","0-5","0-20","0-1000","*",0,"0","0-5","0-20","0-1000","*"
"245","Willacy",0,"0","0-5","0-20","0-1000","*",11,"11-20","6-20","0-20","0-1000","*",7,"6-10","6-20","0-20","0-1000","*",0,"0","0-5","0-20","0-1000","*",0,"0","0-5","0-20","0-1000","*"
"246","Williamson",95,"51-100","51-1000","21-1000","0-1000","*",215,"100-1000","51-1000","21-1000","0-1000","*",349,"100-1000","51-1000","21-1000","0-1000","*",130,"100-1000","51-1000","21-1000","0-1000","*",45,"36-50","21-50","21-1000","0-1000","*"
"247","Wilson",0,"0","0-5","0-20","0-1000","*",34,"21-35","21-50","21-1000","0-1000","*",22,"21-35","21-50","21-1000","0-1000","*",1,"0","0-5","0-20","0-1000","*",3,"1-5","0-5","0-20","0-1000","*"
"248","Winkler",0,"0","0-5","0-20","0-1000","*",1,"0","0-5","0-20","0-1000","*",0,"0","0-5","0-20","0-1000","*",0,"0","0-5","0-20","0-1000","*",0,"0","0-5","0-20","0-1000","*"
"249","Wise",1,"0","0-5","0-20","0-1000","*",19,"11-20","6-20","0-20","0-1000","*",26,"21-35","21-50","21-1000","0-1000","*",0,"0","0-5","0-20","0-1000","*",0,"0","0-5","0-20","0-1000","*"
"250","Wood",0,"0","0-5","0-20","0-1000","*",4,"1-5","0-5","0-20","0-1000","*",18,"11-20","6-20","0-20","0-1000","*",1,"0","0-5","0-20","0-1000","*",0,"0","0-5","0-20","0-1000","*"
"251","Yoakum",0,"0","0-5","0-20","0-1000","*",6,"6-10","6-20","0-20","0-1000","*",2,"1-5","0-5","0-20","0-1000","*",6,"6-10","6-20","0-20","0-1000","*",0,"0","0-5","0-20","0-1000","*"
"252","Young",0,"0","0-5","0-20","0-1000","*",1,"0","0-5","0-20","0-1000","*",7,"6-10","6-20","0-20","0-1000","*",0,"0","0-5","0-20","0-1000","*",0,"0","0-5","0-20","0-1000","*"
"253","Zapata",0,"0","0-5","0-20","0-1000","*",12,"11-20","6-20","0-20","0-1000","*",3,"1-5","0-5","0-20","0-1000","*",0,"0","0-5","0-20","0-1000","*",0,"0","0-5","0-20","0-1000","*"
"254","Zavala",0,"0","0-5","0-20","0-1000","*",14,"11-20","6-20","0-20","0-1000","*",3,"1-5","0-5","0-20","0-1000","*",0,"0","0-5","0-20","0-1000","*",0,"0","0-5","0-20","0-1000","*"
